,image,num_nuclei,num_chromosomes,num_ecDNA,6_shot_chromosomes
0,0.tif,2,1,1,"{ ""count"": 15 }"
1,1.tif,4,1,3,"{
  ""chromosomes"": 12
}"
2,10.tif,1,6,2,"{
""answer"": ""1""
}"
3,1000.tif,3,4,2,"[1, 1]"
4,1001.tif,1,0,0,"{
""number_of_chromosomes"": 1
}"
5,1004.tif,1,2,3,"{""answer"": ""2""}"
6,1006.tif,0,2,0,"{
""answer"": ""1""
}"
7,1008.tif,0,7,2,"{
""chromosomes"": 1
}"
8,1009.tif,0,21,6,"{""value"": 1}"
9,1013.tif,0,17,3,"{
""chromosomes"": ""1""
}"
10,102.tif,1,0,13,"{""chromosomes"": 1}"
11,1025.tif,0,8,1,"{
""chromosomeCount"": ""1""
}"
12,1026.tif,0,9,2,"```json
{
  ""answer"": 25
}
```"
13,1028.tif,0,3,1,"```json
{
  ""number"": 14
}
```"
14,1029.tif,0,11,2,"{""answer"": ""1""}"
15,103.tif,1,0,6,"{
""chromosomes"": 1,
""image"": ""A cell image containing 1 chromosomes.""
}"
16,1030.tif,0,9,2,[1]
17,1031.tif,3,7,3,"{
""answer"": ""1""
}"
18,1033.tif,0,6,2,"{
""answer"": ""1""
}"
19,1034.tif,0,15,4,"{
  ""number"": 12
}"
20,1042.tif,2,0,0,"{""answer"": ""1""}"
21,1043.tif,1,0,0,"{""count"": 1}"
22,1045.tif,0,4,0,[1]
23,1047.tif,2,0,0,"{
""chromosomes"": ""3""
}"
24,1049.tif,0,25,4,"{
""answer"": ""1""
}"
25,1050.tif,0,16,0,"{
""answer"": ""2""
}"
26,1051.tif,1,0,0,"{""chro_count"": ""2""}"
27,1053.tif,1,7,0,"{
  ""number"": 25
}"
28,1054.tif,1,13,2,"```json
{
  ""number_of_chromosomes"": 1
}
```"
29,1055.tif,2,0,0,"{
  ""value"": 25
}"
30,1057.tif,2,0,0,"{
""chromosomes"": 8
}"
31,1058.tif,2,0,0,"{""value"": 1}"
32,1059.tif,1,0,0,"{
""number of chromosomes"": ""1""
}"
33,1069.tif,0,9,5,"{""answer"": ""8""}"
34,107.tif,0,4,18,"{
""chromosomes"": ""1""
}"
35,1070.tif,1,4,4,"{
""count"": 1
}"
36,1073.tif,0,17,1,"{
""answer"": ""1""
}"
37,1074.tif,5,21,0,"{
""number"": 14,
""confidence"": 99
}"
38,108.tif,0,2,47,[1]
39,1086.tif,0,2,0,"{
  ""chromosomes"": {
    ""total"": 14,
    ""in_image"": true
  }
}"
40,1088.tif,1,1,0,[14]
41,1089.tif,0,16,3,"{""count"": ""1""}"
42,109.tif,0,10,62,"{
""answer"": ""1""
}"
43,1090.tif,0,25,7,"{""count"":3}"
44,1092.tif,1,1,0,"```json
[14]
```"
45,1093.tif,0,13,14,"{
  ""answer"": 1
}"
46,1094.tif,0,11,17,"{
""answer"": ""1""
}"
47,11.tif,2,0,0,"{
""number"": 8
}"
48,110.tif,0,8,57,"{
  ""chromosomes"": 14,
  ""message"": ""The number of chromosomes in the image is 14.""
}"
49,1100.tif,1,0,0,"{
""answer"": ""1"",
""reason"": ""This image contains only one chromosome.""
}"
50,1101.tif,3,0,0,"{
""answer"": ""1""
}"
51,1102.tif,2,0,0,"[{""chromosomes"":1}]"
52,1103.tif,2,0,0,"{
  ""value"": ""1""
}"
53,1105.tif,1,0,0,"{
""answer"": ""1""
}"
54,1106.tif,2,0,2,"{""chromosome_count"": 1}"
55,1109.tif,0,12,3,"{
""answer"": ""1""
}"
56,111.tif,0,2,26,"{
  ""chromosomes"": 14
}"
57,1110.tif,1,15,7,"```json
{
  ""answer"": 1
}
```"
58,1111.tif,0,2,4,"{
""answer"": ""1""
}"
59,1113.tif,0,8,10,"{
""answer"": ""2""
}"
60,1114.tif,0,25,15,"{
""chromosomes"": ""1""
}"
61,1115.tif,0,6,11,"{""answer"": ""1""}"
62,1116.tif,1,0,0,"{
  ""chromosomes"": 3
}"
63,1117.tif,1,0,0,"{
""number"": 1
}"
64,112.tif,0,19,82,"{
""chrm"": ""1""
}"
65,1125.tif,2,0,0,"{""value"": ""1""}"
66,1129.tif,2,7,1,"{
  ""count"": 31
}"
67,113.tif,0,21,92,"{ ""count"": 12 }"
68,1130.tif,1,16,3,"{
""answer"": ""1""
}"
69,1131.tif,1,1,0,"{
""count"": ""1""
}"
70,1133.tif,0,11,0,"{
""answer"": ""0""
}"
71,1134.tif,0,30,8,"```json
{
  ""answer"": ""1""
}
```"
72,1135.tif,0,5,0,"{
  ""count"": 25
}"
73,1136.tif,1,0,0,"{
  ""answer"": 1
}"
74,114.tif,0,15,68,"{
""number_of_chromosomes"": ""1""
}"
75,1142.tif,1,0,0,"{
  ""number_of_chromosomes"": 14
}"
76,1143.tif,2,0,0,"```json
{
  ""answer"": 14
}
```"
77,1146.tif,0,0,0,"{
   ""count"": 1
}"
78,1147.tif,1,0,0,"{
    ""answer"": 19,
    ""description"": ""The image contains 19 chromosomes.""
}"
79,1149.tif,0,1,0,"{
""chromosomes"": 1
}"
80,115.tif,0,5,23,"{""count"": ""2""}"
81,1150.tif,0,47,3,"{
   ""number"": 14
}"
82,1151.tif,0,2,3,"{
""answer"": ""1""
}"
83,1153.tif,1,0,0,"{
  ""chromosomes"": 25
}"
84,1154.tif,1,13,3,"```json
{
  ""chromosomes"": {
    ""total"": 12
  }
}
```"
85,1158.tif,1,0,2,"{""value"": 1}"
86,1159.tif,1,0,0,"{
""answer"": ""1""
}"
87,116.tif,0,6,32,"{
""answer"": ""8""
}"
88,1161.tif,1,0,1,"{""count"": ""1""}"
89,1162.tif,1,0,0,"{
""number"": 1
}"
90,1169.tif,0,11,22,"{
    ""value"": 19
}"
91,117.tif,0,8,33,"{
""answer"": 1,
""reasoning"": ""The image contains only one chromosome, which is labeled with the number '1'. Therefore, the number of chromosomes is 1.""
}"
92,1170.tif,0,13,20,"{
    ""chromosome_count"": 14,
    ""image_type"": ""cell_image""
}"
93,1173.tif,0,14,15,"{
  ""count"": 14
}"
94,1174.tif,0,19,27,"{
    ""answer"": 1,
    ""description"": ""The image contains only one chromosome, which indicates that it represents a single chromosome.""
}"
95,1179.tif,1,0,0,"{
""answer"": ""1""
}"
96,118.tif,0,3,72,"{
""count"": 1
}"
97,1180.tif,1,0,0,"{""chromosomes"": {""count"": 1}}"
98,1181.tif,1,0,0,[1]
99,1188.tif,3,0,12,"{
""answer"": ""1""
}"
100,1189.tif,1,3,10,"{
""answer"": ""2""
}"
101,119.tif,15,0,2,"{
   ""count"": 1
}"
102,1190.tif,0,9,12,"{
  ""value"": 14
}"
103,1192.tif,1,0,8,"{
""answer"": ""1""
}"
104,1193.tif,1,8,37,"```json
{
  ""count"": 12
}
```"
105,1194.tif,0,20,35,"{ ""number"": 1 }"
106,1197.tif,1,0,24,"{
""answer"": ""3""
}"
107,1198.tif,1,1,26,"{
""chromosome_count"": 12
}"
108,12.tif,1,2,3,"{""value"":1}"
109,1209.tif,0,8,0,"{
""number"": ""1""
}"
110,1210.tif,0,28,4,"{""chrm"": ""1""}"
111,1213.tif,0,8,1,"{
  ""number"": 1
}"
112,1214.tif,0,36,9,"{ ""value"": 25 }"
113,1225.tif,0,2,0,"{
  ""number"": 1,
  ""message"": ""The image contains only one chromosome.""
}"
114,1226.tif,1,4,2,"```json
{
  ""answer"": {
    ""num_chromosomes"": 25
  }
}
```"
115,1227.tif,0,1,0,"{""answer"": 1}"
116,1228.tif,0,2,0,"{
""answer"": ""1""
}"
117,1229.tif,0,27,2,"{
  ""answer"": 1,
  ""reasoning"": ""The image contains only one chromosome structure.""
}"
118,1230.tif,1,15,1,"{""count"": 1}"
119,1233.tif,0,14,4,"{
""answer"": ""1""
}"
120,1234.tif,0,19,4,"{
""answer"": ""1""
}"
121,1235.tif,1,0,0,"{
""number"": 14
}"
122,1239.tif,1,1,0,[31]
123,1248.tif,0,3,0,"{
""answer"": ""1""
}"
124,1249.tif,0,22,8,"{
  ""count"": 1
}"
125,1250.tif,1,8,3,"{
""answer"": ""1""
}"
126,1253.tif,0,22,8,"{
""chromosomes"": ""1""
}"
127,1254.tif,0,7,5,"{
  ""answer"": 1
}"
128,1261.tif,1,0,0,"{""chro"": 25}"
129,1262.tif,1,0,0,"{
  ""value"": 1
}"
130,1266.tif,1,1,0,"{""answer"": ""1""}"
131,1267.tif,1,0,0,"{
""answer"": ""1""
}"
132,1269.tif,0,24,11,"{
   ""chromosomes"": 1
}"
133,1270.tif,1,28,13,"{
  ""value"": 12
}"
134,1271.tif,1,0,0,"{
  ""count"": 12,
  ""description"": ""This cell contains one pair of chromosomes""
}"
135,1273.tif,0,17,15,"{
""chromosomes"": ""1""
}"
136,1274.tif,0,27,6,"{
""number"": 14
}"
137,1289.tif,0,16,12,"```json
{""value"": 1}
```"
138,129.tif,0,14,20,[1]
139,1290.tif,0,13,21,"{
""chromosomes"": 1
}"
140,1293.tif,0,22,13,"{""value"": ""1""}"
141,1294.tif,0,15,15,"{
  ""number"": 12
}"
142,1297.tif,1,0,0,"{""count"": 1}"
143,13.tif,1,32,0,"{
""chromosomes"": ""1""
}"
144,130.tif,0,18,34,"{
""chromosomes"": ""1""
}"
145,1300.tif,2,0,0,"{
  ""count"": 1
}"
146,1301.tif,1,1,0,"{
  ""count"": 1
}"
147,1302.tif,1,0,1,"{""count"": 1}"
148,1303.tif,1,0,1,"{
""count"": 14
}"
149,1304.tif,3,0,1,"{""answer"": ""1""}"
150,1305.tif,1,4,23,"{
""answer"": 1,
""reasoning"": ""The image contains only one chromosome, which is labeled as 1.""
}"
151,1306.tif,1,0,6,"```json
[1]
```"
152,1308.tif,1,0,7,"{
""number_of_chromosomes"": ""2""
}"
153,1309.tif,1,8,16,"{
  ""count"": 2
}"
154,131.tif,0,5,17,"{""chromosomes"": 14}"
155,1310.tif,0,11,20,"{
""chromosomes"": 14
}"
156,1313.tif,0,20,20,"{""chro_count"": ""2""}"
157,1314.tif,0,16,19,[1]
158,1320.tif,1,0,2,"{""value"":1}"
159,1325.tif,0,3,4,[1]
160,1326.tif,1,1,2,"{
  ""answer"": {
    ""value"": 1,
    ""type"": ""chromosomes""
  }
}"
161,1327.tif,1,0,0,"```json
{
""chromosomes"": {
""count"": 25
}
}"
162,1328.tif,2,0,2,"{
  ""chromosomes"": 14
}"
163,1329.tif,0,24,15,"{
""chromosomes"": 1
}"
164,133.tif,0,18,26,"{
  ""value"": {
    ""chromosomeCount"": {
      ""numberOfChromosomes"": 1,
      ""description"": ""1 chromosome""
    }
  },
  ""message"": ""success"",
  ""status"": ""ok""
}"
165,1330.tif,0,19,19,"[{""value"": ""1""}]"
166,1332.tif,4,0,2,"{
""answer"": ""1""
}"
167,1333.tif,6,19,15,"[{""value"": ""1""}]"
168,1334.tif,0,5,7,"{
""chromosomes"": ""1""
}"
169,1336.tif,5,1,0,"{
  ""answer"": ""1""
}"
170,1337.tif,2,0,4,"{
""chromosomes"": 1
}"
171,134.tif,0,15,20,"{
""answer"": ""14""
}"
172,1341.tif,1,0,0,"{""value"":1}"
173,1342.tif,1,0,0,"{
  ""count"": 1,
  ""description"": ""The image contains 1 chromosome.""
}"
174,1345.tif,2,0,3,"{
""answer"": ""1""
}"
175,1346.tif,1,0,0,"{
""answer"": ""1""
}"
176,1349.tif,0,24,20,"{
   ""chromosomes"": 12
}"
177,135.tif,0,8,24,"{
  ""answer"": {
    ""value"": 8,
    ""message"": """"
  }
}"
178,1350.tif,0,17,33,"{""value"":1}"
179,1352.tif,6,0,5,"{""value"": ""1""}"
180,1353.tif,0,22,22,"{ ""answer"": 14 }"
181,1354.tif,0,18,23,[1]
182,1369.tif,2,23,11,"{
  ""chromosomes"": ""3""
}"
183,137.tif,0,1,3,"{
  ""count"": 31
}"
184,1370.tif,0,3,1,"{
""count"": ""2""
}"
185,1373.tif,0,35,14,"{
""chrm"": 25
}"
186,1374.tif,0,16,6,"{
    ""chromosomes"": 12
}"
187,1376.tif,1,0,0,"{
""answer"": ""2""
}"
188,1377.tif,1,0,0,"{
  ""number"": 1
}"
189,138.tif,0,3,7,"{""value"": 1}"
190,1380.tif,1,0,0,"{
    ""answer"": 1,
    ""reason"": ""The image contains only one chromosome, which is represented by a X-shaped structure.""
}"
191,1381.tif,1,0,0,"{
""answer"": ""1""
}"
192,1389.tif,0,30,5,[1]
193,1390.tif,0,21,11,"{""count"": 1}"
194,1393.tif,0,15,6,"```json
{
  ""chromosomes"": {
    ""value"": 1,
    ""unit"": """"
  }
}
```"
195,1394.tif,0,15,9,"{
""answer"": ""2""
}"
196,14.tif,0,8,0,"{
""chromosomes"": 14
}"
197,1405.tif,0,7,12,"{""answer"": ""1""}"
198,1406.tif,0,8,7,"{
""chromosomes"": ""1""
}"
199,1408.tif,0,1,12,"{""count"": 1}"
200,1409.tif,0,18,11,"{
  ""value"": {
    ""count"": 25,
    ""description"": ""The chromosome structure is present in this image.""
  }
}"
201,1410.tif,0,23,17,"{
  ""answer"": 12,
  ""reasoning"": ""The image contains only one cluster of X-shaped structures, which corresponds to 12 chromosomes.""
}"
202,1411.tif,0,7,4,"{
  ""number"": 14
}"
203,1413.tif,0,14,10,"{
""chromosomes"": 1
}"
204,1414.tif,0,13,19,"```json
[1]
```"
205,1415.tif,0,3,2,"{
    ""value"": 14
}"
206,1425.tif,0,8,2,"{""chromosomes"": 1}"
207,1426.tif,0,3,4,"{
""chromosome count"": 12
}"
208,1428.tif,0,2,2,"{
  ""chromosome_count"": 25
}"
209,1429.tif,0,29,47,"{""value"": 1}"
210,1430.tif,0,23,36,"```json
[2]
```"
211,1433.tif,0,10,13,"{
""answer"": ""12""
}"
212,1434.tif,0,8,14,[1]
213,1444.tif,0,1,0,"{
""chromosomes"": {
""number"": ""1""
}
}"
214,1445.tif,0,2,0,"{""chromosomes"": ""2""}"
215,1446.tif,0,1,1,"{""answer"": 1}"
216,1448.tif,0,6,0,"{
  ""answer"": {
    ""value"": 0,
    ""status"": true,
    ""message"": """"
  }
}"
217,1449.tif,0,16,4,"{
  ""count"": 1
}"
218,145.tif,0,10,30,"{
""count"": 8
}"
219,1450.tif,0,32,5,"{""answer"": ""1""}"
220,1451.tif,0,9,1,"{
""answer"": ""1""
}"
221,1453.tif,0,13,1,"{
  ""number"": 12
}"
222,1454.tif,0,11,1,"{
""answer"": ""1""
}"
223,146.tif,0,6,26,"{
""chromosome_count"": 1
}"
224,1460.tif,1,0,0,"{""value"": ""3""}"
225,1465.tif,0,8,5,"{
  ""answer"": {
    ""count"": ""1"",
    ""type"": ""integer""
  }
}"
226,1468.tif,0,15,3,"{
""number"": 1
}"
227,1469.tif,0,30,18,"{
""answer"": ""1""
}"
228,1470.tif,0,11,11,"{
""answer"": ""1"",
""reason"": ""The image contains only one chromosome.""
}"
229,1473.tif,0,16,15,"{
""answer"": ""1""
}"
230,1474.tif,0,6,15,"```json
{
  ""chromosomeCount"": 1,
  ""message"": ""The image contains 1 chromosome.""
}
```"
231,148.tif,0,6,30,"{""value"": ""8""}"
232,1480.tif,1,0,0,"{
    ""number"": 14
}"
233,1484.tif,1,0,0,"{
""number"": ""12""
}"
234,1485.tif,0,2,8,"{""value"":1}"
235,1489.tif,0,35,55,"{
""chromosomes"": 1
}"
236,149.tif,0,30,81,"{""value"": 2}"
237,1490.tif,0,14,18,"{
  ""chromosomes"": {
    ""total_count"": 25,
    ""image_type"": ""cell_image""
  }
}"
238,1492.tif,0,1,0,"{
  ""chromosomes"": 25
}"
239,1493.tif,0,28,22,"[1, 2]"
240,1494.tif,0,13,10,"{
  ""answer"": 12,
  ""description"": ""The image contains one chromosome.""
}"
241,15.tif,5,2,1,"{
""chromosome_count"": ""2""
}"
242,150.tif,0,15,61,"{""chrm"": ""25""}"
243,1508.tif,1,1,2,[1]
244,1509.tif,0,8,13,"{ ""value"": 25 }"
245,151.tif,0,7,37,"{
  ""count"": 25
}"
246,1512.tif,0,13,19,"{
  ""value"": ""2""
}"
247,1513.tif,0,44,33,"{
""answer"": ""1""
}"
248,1514.tif,0,5,15,"{""answer"": ""3""}"
249,152.tif,0,9,29,"{""answer"": 1}"
250,153.tif,0,17,55,"{
""number"": ""1""
}"
251,1532.tif,1,0,3,"{""value"": ""1""}"
252,1533.tif,1,0,14,"{
""number"": ""3""
}"
253,1534.tif,0,12,32,"{
""answer"": ""1""
}"
254,1536.tif,1,0,0,"{
""answer"": ""1""
}"
255,1537.tif,0,13,21,"{""chromosomes"": 3}"
256,1538.tif,16,16,25,"{
  ""answer"": 1,
  ""reasoning"": ""The image contains only one chromosome structure, which appears to be a single X-shaped structure.""
}"
257,154.tif,0,20,62,"{ ""number_of_chromosomes"": 14 }"
258,1543.tif,1,0,0,"{""chromosomes"": 1}"
259,1549.tif,0,11,13,"{""value"": 1}"
260,155.tif,0,7,13,"{
""answer"": 1
}"
261,1550.tif,0,7,14,"{
  ""answer"": {
    ""count"": 1,
    ""description"": ""The image contains 1 chromosome."",
    ""image"": [
      { ""x"": 0, ""y"": 0 }
    ]
  },
  ""type"": ""chromosome""
}"
262,1552.tif,0,2,1,"```json
{
  ""number"": 3
}
```"
263,1553.tif,0,34,45,"{
""number"": ""1""
}"
264,1554.tif,0,29,32,"{
  ""answer"": {
    ""value"": 1,
    ""description"": """"
  }
}"
265,1557.tif,0,5,9,"{
  ""count"": 14
}"
266,1558.tif,0,8,6,"{
  ""chromosomes"": 14,
  ""message"": ""The cell image contains 14 chromosomes.""
}"
267,1562.tif,1,0,0,"```json
{
  ""count"": 1,
  ""message"": ""A cell image contains 1 chromosome."",
  ""status"": ""Success""
}
```"
268,1569.tif,0,14,28,"```json
{
  ""count"": 1
}
```"
269,157.tif,0,3,28,"{
  ""answer"": [
    29
  ]
}"
270,1570.tif,0,8,16,"{ ""number"": ""1""}"
271,1573.tif,0,21,42,"{
""chrm"": 1
}"
272,1574.tif,0,9,11,"{
  ""number"": 15
}"
273,1588.tif,0,2,0,"{
  ""chromosome"": 25
}"
274,1589.tif,0,25,14,"{
  ""count"": 25
}"
275,1590.tif,0,23,18,"{
""chromosomes"": 1
}"
276,1592.tif,0,6,1,"```json
{
  ""answer"": 1
}
```"
277,1593.tif,0,31,18,"{
""answer"": ""1""
}"
278,1594.tif,1,22,24,[1]
279,1595.tif,15,0,5,"{
    ""chromosomes"": 1
}"
280,1597.tif,0,1,4,"{ ""value"": 25 }"
281,1598.tif,1,3,0,"{ ""value"": 1 }"
282,1599.tif,1,0,0,"{
""number"": 14,
""message"": ""The image contains 14 chromosomes.""
}"
283,16.tif,4,8,6,"{
""chromosomes"": 1
}"
284,1605.tif,0,3,0,"{
""answer"": ""1""
}"
285,1606.tif,0,3,0,"{""answer"": 8}"
286,1609.tif,0,40,11,"{""value"": 12}"
287,1610.tif,0,20,1,"{
  ""number"": 1
}"
288,1613.tif,0,15,1,[1]
289,1614.tif,0,17,2,"{""value"": 1}"
290,162.tif,0,2,2,"{
  ""number"": 12
}"
291,1626.tif,1,0,2,[1]
292,1627.tif,2,0,0,"{
  ""chromosomes"": 14
}"
293,1628.tif,2,0,0,"{
""chromosomes"": 1
}"
294,1629.tif,0,28,42,"```json
{
""chromosomes"": [
""3""
]
}"
295,1630.tif,1,23,22,"{
""count"": ""1""
}"
296,1631.tif,1,0,1,"{
""answer"": ""1""
}"
297,1633.tif,0,27,32,"{
""chromosomes"": ""2""
}"
298,1634.tif,0,22,31,"{
""answer"": ""1""
}"
299,1637.tif,0,7,10,"{
  ""count"": 14
}"
300,1638.tif,0,3,2,"{
""chromosome_count"": 1
}"
301,1645.tif,0,2,2,[1]
302,1648.tif,0,2,1,"{
""answer"": ""1"",
""reasoning"": ""The image contains only one chromosome structure, which corresponds to the X-shaped structure you mentioned.""
}"
303,1649.tif,0,56,14,"{""value"": 1}"
304,165.tif,0,7,18,"{
""chromosomes"": 3
}"
305,1650.tif,0,11,1,"{
""answer"": 25,
""reasoning"": ""The image contains 25 chromosomes.""
}"
306,1653.tif,0,11,6,"{
""answer"": ""1""
}"
307,166.tif,0,27,65,"{""answer"": 1}"
308,1661.tif,1,2,0,"{
  ""answer"": 1,
  ""reasoning"": ""The image contains only one chromosome.""
}"
309,1662.tif,2,2,0,"{
""count"": 1
}"
310,1665.tif,1,0,0,"{""value"": ""2""}"
311,1666.tif,3,1,1,"[{""value"": ""1""}]"
312,1669.tif,0,19,13,"{
""answer"": ""1""
}"
313,167.tif,0,30,42,"{
""answer"": ""3""
}"
314,1670.tif,1,41,36,"{
""count"": ""2""
}"
315,1671.tif,4,15,11,"{
  ""count"": 0
}"
316,1673.tif,0,6,10,"{
  ""value"": 12
}"
317,1674.tif,1,24,13,"{
""answer"": 25,
""reasoning"": ""The image contains a total of 12 + 14 + 31 = 25 chromosomes.""
}"
318,1675.tif,1,2,0,"{
  ""value"": 14,
  ""status"": ""OK""
}"
319,168.tif,0,16,7,"{
""answer"": 1,
""reasoning"": ""The image contains one chromosome.""
}"
320,1681.tif,0,3,0,"{
""answer"": ""1""
}"
321,1686.tif,0,5,1,"{
  ""answer"": {
    ""numerator"": ""1"",
    ""denominator"": ""8""
  }
}"
322,1689.tif,1,3,1,"{
""answer"": ""1""
}"
323,169.tif,0,23,24,"{
""answer"": ""25""
}"
324,1690.tif,0,36,7,[1]
325,1691.tif,0,8,2,[12]
326,1693.tif,1,0,0,"{
  ""number_of_chromosomes"": 25
}"
327,1694.tif,0,15,11,"{
  ""count"": 25
}"
328,1695.tif,0,15,3,"{""answer"": ""1""}"
329,17.tif,1,0,0,"{""answer"": 1}"
330,170.tif,0,18,49,"{
""answer"": ""1""
}"
331,1705.tif,0,2,0,"{
""answer"": 1
}"
332,1706.tif,0,2,1,"```json
{
  ""count"": 1,
  ""value"": 1
}
```"
333,1709.tif,0,18,3,"{
""number"": 14
}"
334,171.tif,2,11,11,"{""count"": ""1""}"
335,1710.tif,0,32,5,[1]
336,1711.tif,0,1,2,[1]
337,1713.tif,0,12,5,"{""count"":1}"
338,1714.tif,0,12,5,"{""answer"": ""1""}"
339,172.tif,0,6,6,"```json
[12]
```"
340,1720.tif,2,1,0,[1]
341,1721.tif,1,0,0,"{
""count"": ""1""
}"
342,1722.tif,0,3,6,"{
""answer"": ""1""
}"
343,1724.tif,2,0,2,"{
  ""answer"": ""1""
}"
344,1725.tif,1,1,3,"{
""count"": 1
}"
345,1726.tif,1,7,1,"{
  ""answer"": [
    {
      ""value"": 0,
      ""description"": ""No chromosomes present""
    },
    {
      ""value"": 14,
      ""description"": ""14 chromosomes present""
    }
  ]
}"
346,1727.tif,1,1,2,"{""answer"": 1}"
347,1728.tif,1,0,0,"{
""number"": 12,
""description"": ""The image contains 12 chromosomes.""
}"
348,1729.tif,3,17,9,"{ ""chromosomes"": 14 }"
349,173.tif,0,35,29,"{
  ""answer"": 1,
  ""description"": ""The image contains one chromosome.""
}"
350,1730.tif,0,41,16,"{
""count"": ""1""
}"
351,1731.tif,0,4,10,"{
  ""answer"": ""1""
}"
352,1732.tif,1,5,7,"{
  ""chromosome_count"": 14
}"
353,1733.tif,2,1,1,"{
""answer"": ""8""
}"
354,1734.tif,1,15,5,"{
   ""chromosomes"": ""1""
}"
355,1735.tif,0,2,11,"```json
{
  ""chromosomes"": 0
}
```"
356,1736.tif,1,0,0,"{""count"":2}"
357,1737.tif,3,0,0,"{
""answer"": ""1""
}"
358,1738.tif,1,0,1,"{
""answer"": 12
}"
359,1739.tif,0,1,9,"{
  ""value"": {
    ""count"": 25,
    ""description"": [
      ""The cells have multiple chromosomes.""
    ]
  }
}"
360,174.tif,1,11,25,"{
  ""chromosomes"": 1
}"
361,1740.tif,1,0,2,"```json
{
  ""answer"": 1
}
```"
362,1744.tif,1,0,0,"{
""chromosomes"": 1
}"
363,1745.tif,1,0,3,"{
""answer"": ""1""
}"
364,1749.tif,1,12,3,"{
  ""count"": 1
}"
365,175.tif,1,0,0,"{
  ""answer"": ""1""
}"
366,1750.tif,0,38,24,"{
  ""answer"": ""2""
}"
367,1751.tif,0,4,1,"{
""answer"": ""1""
}"
368,1753.tif,0,5,5,"```json
[
  {
    ""value"": 1,
    ""color"": ""#FFD700""
  },
  {
    ""value"": 14,
    ""color"": ""#FFC0CB""
  },
  {
    ""value"": 31,
    ""color"": ""#FFFF99""
  },
  {
    ""value"": 12,
    ""color"": ""#FFB6C1""
  }
]
```"
369,1754.tif,0,26,12,"{
  ""value"": 1
}"
370,1755.tif,5,10,12,"{
    ""answer"": 31,
    ""description"": [
        {
            ""value"": 31,
            ""unit"": ""chromosomes""
        }
    ]
}"
371,1758.tif,1,1,1,"{
  ""chromosomes"": 1,
  ""count"": 1
}"
372,1759.tif,2,0,3,"{
    ""count"": 14
}"
373,1760.tif,1,0,0,"{
  ""count"": ""1""
}"
374,1764.tif,1,0,0,"{
""answer"": ""14""
}"
375,1765.tif,1,0,0,"{
""answer"": ""1""
}"
376,1766.tif,1,0,0,"{""answer"": ""1""}"
377,1768.tif,3,0,0,"{
""chromosome_count"": 14,
""message"": ""The image contains 14 chromosomes.""
}"
378,1769.tif,2,5,2,"{
  ""answer"": 1,
  ""description"": ""The image contains only one chromosome.""
}"
379,1770.tif,1,51,26,"{
  ""answer"": ""1""
}"
380,1771.tif,2,2,2,"{
""chromosomes"": ""2""
}"
381,1772.tif,2,0,0,"```json
{
  ""chromosome_count"": [
    1,
    14,
    14,
    12,
    31,
    25
  ]
}
```"
382,1773.tif,1,4,0,"{""answer"": 1}"
383,1774.tif,0,42,12,"```json
[1]
```"
384,1775.tif,1,0,0,"{
""answer"": ""1""
}"
385,1776.tif,1,0,0,"{
 ""count"": {
  ""value"": 25,
  ""unit"": """"
 }
}"
386,1779.tif,1,0,0,"{
""chromosome_count"": 1
}"
387,1785.tif,0,2,1,"{
""chromosomes"": 1,
""image_type"": ""cell_image""
}"
388,1786.tif,0,4,7,"{""answer"": 25}"
389,1789.tif,0,30,8,"{""value"": ""3""}"
390,1790.tif,2,22,32,[1]
391,1791.tif,1,0,0,"{""chromosomes"": 1}"
392,1793.tif,0,15,5,"{
""chromosomes"": ""12""
}"
393,1794.tif,0,17,5,"{
""answer"": ""14""
}"
394,1796.tif,1,0,1,"{""chro"":1}"
395,1797.tif,1,0,0,"{""value"": 1}"
396,18.tif,3,0,0,"{ ""number"": ""12"" }"
397,1809.tif,0,36,18,"{""value"": 1}"
398,1810.tif,0,28,17,"{
  ""chromosomes"": 12
}"
399,1813.tif,0,16,5,"{
""answer"": ""2""
}"
400,1814.tif,0,7,14,"{
""answer"": ""1""
}"
401,1822.tif,1,5,7,"{""answer"": ""2""}"
402,1823.tif,1,0,0,"{
""number"": 14
}"
403,1825.tif,1,0,0,"{""answer"": 8}"
404,1826.tif,0,6,2,"{""count"": 1}"
405,1827.tif,0,3,0,"{
""chromosomes"": 1
}"
406,1829.tif,1,17,3,"{""count"": 1}"
407,1830.tif,0,26,4,"{
  ""chromosomes"": 12
}"
408,1831.tif,1,0,2,"{
  ""value"": 1
}"
409,1833.tif,0,19,2,"{
""chromosomes"": ""3""
}"
410,1834.tif,0,17,0,"```json
{
  ""chromosomes"": 12,
  ""message"": ""The cell image contains 12 chromosomes.""
}
```"
411,1835.tif,1,0,0,"{
  ""value"": 25
}"
412,1836.tif,2,0,3,"{
""chromosomes"": ""14""
}"
413,1837.tif,1,1,0,"{
""answer"": ""1""
}"
414,1840.tif,1,0,0,"{
""chromosomes"": 14
}"
415,1841.tif,1,1,0,"{
""chromosomes"": ""2""
}"
416,1845.tif,0,10,2,"{
""chromosome_count"": 25
}"
417,1846.tif,0,7,4,"{
""answer"": ""1""
}"
418,1848.tif,0,1,1,"{
  ""answer"": 1
}"
419,1849.tif,0,27,11,"{
""chrmomones"": 1,
""chromosomes"": [
{
""x"": true
}
]
}"
420,185.tif,0,9,26,"{
  ""answer"": [
    {
      ""chromosomes"": 25,
      ""description"": ""A cell image containing 25 chromosomes.""
    }
  ]
}"
421,1850.tif,0,30,9,"{
  ""chromosomes"": 12
}"
422,1853.tif,0,7,5,"```json
{
  ""number"": 14
}
```"
423,1854.tif,0,7,8,"{
  ""value"": 1
}"
424,1858.tif,1,0,0,"{
    ""number"": 1
}"
425,186.tif,0,11,30,"{
""answer"": ""1""
}"
426,1865.tif,0,5,8,"{
""answer"": ""1""
}"
427,1868.tif,0,7,1,"{
""answer"": ""2""
}"
428,1869.tif,0,30,21,"{
""answer"": ""1""
}"
429,187.tif,1,0,2,"[{""value"": ""1""}]"
430,1870.tif,0,14,14,"{
""answer"": ""1""
}"
431,1872.tif,0,4,1,"{
""answer"": ""2""
}"
432,1873.tif,0,14,5,"{
  ""count"": 1
}"
433,1874.tif,0,7,5,"{""answer"":1}"
434,1875.tif,1,0,1,"{
""answer"": ""25""
}"
435,1877.tif,1,0,0,"{
  ""chromosomes"": 12
}"
436,1879.tif,1,0,1,"{""chromosomes"": 1}"
437,188.tif,0,18,40,"{
""chromosomes"": 1
}"
438,1886.tif,0,3,0,"{""value"": ""1""}"
439,1888.tif,1,0,0,"{
 ""count"": 31
}"
440,1889.tif,0,8,5,"{
""answer"": ""1""
}"
441,189.tif,0,25,96,"{
  ""count"": 1
}"
442,1890.tif,0,30,0,[12]
443,1891.tif,0,6,1,"{ ""number"": 14 }"
444,1893.tif,0,9,2,[1]
445,1894.tif,1,17,1,"[{""value"": ""1""}]"
446,1895.tif,1,1,0,"```json
{
  ""answer"": {
    ""count"": 1,
    ""description"": """",
    ""image_id"": ""1"",
    ""type"": ""single""
  }
}
```"
447,1898.tif,2,0,0,"{""value"": ""1""}"
448,1899.tif,2,0,0,"{""value"": 3}"
449,19.tif,5,0,0,"{
""chromosomes"": 15
}"
450,190.tif,0,28,88,"{""answer"": {""25""}}"
451,1901.tif,1,0,0,"{
  ""number"": 14,
  ""message"": ""The cell image contains 14 chromosomes.""
}"
452,1902.tif,1,0,0,"{
  ""number"": 14
}"
453,1909.tif,0,23,6,"{
""chromosomes"": ""1""
}"
454,191.tif,1,4,33,"{
""answer"": ""1""
}"
455,1910.tif,0,20,12,"{
""chrmomones"":1,
""chromosomes"":1,
""type"":""image""
}"
456,1911.tif,0,0,0,"{
""chromosomes"": 1
}"
457,1913.tif,0,19,14,"{ ""number"": 1 }"
458,1914.tif,0,35,10,"{
""number"": ""1""
}"
459,1915.tif,1,0,0,"{
   ""number"": 14
}"
460,1919.tif,1,0,0,"{
    ""count"": 12,
    ""message"": """"
}"
461,192.tif,0,34,56,"{
""chromosome_count"": 25,
""image_type"": ""cell_image"",
""image_description"": ""The image contains 25 chromosomes.""
}"
462,1922.tif,1,0,0,"{
""answer"": ""2""
}"
463,1923.tif,1,0,0,"{""value"": 1}"
464,1927.tif,1,0,0,"{""count"": ""1""}"
465,1929.tif,0,31,5,"{
  ""number"": 1
}"
466,193.tif,0,22,117,"{""value"":2}"
467,1930.tif,10,42,5,"{
""answer"": ""1""
}"
468,1933.tif,0,10,3,"{
""number"": ""9""
}"
469,1934.tif,0,14,1,"{
""chromosomes"": 14
}"
470,194.tif,0,37,103,"{
""answer"": ""1""
}"
471,1949.tif,0,11,9,"{
""number"": ""12""
}"
472,195.tif,0,40,63,"{""count"":2}"
473,1950.tif,0,28,17,"{
  ""value"": {
    ""number"": 1,
    ""string"": ""chromosomes""
  }
}"
474,1951.tif,3,0,0,"{
    ""count"": 25
}"
475,1953.tif,0,0,5,"{
  ""chromosomes"": {
    ""value"": 1,
    ""units"": """"
  }
}"
476,1954.tif,0,10,7,"{
""answer"": ""1""
}"
477,1955.tif,1,0,0,"{
""answer"": ""1""
}"
478,196.tif,0,11,21,"{
""number"": ""1""
}"
479,1969.tif,0,15,14,"{
""answer"": ""14""
}"
480,197.tif,0,19,56,"{
""chromosomes"": 14
}"
481,1970.tif,0,14,8,"{""value"": ""1""}"
482,1973.tif,0,20,5,"```json
{
""answer"": ""1""
}
```"
483,1974.tif,0,23,10,"{
  ""count"": 1
}"
484,198.tif,0,38,89,"{
    ""chromosome_count"": 1,
    ""image_type"": ""cell_image""
}"
485,1982.tif,1,0,0,"{
  ""answer"": 3
}"
486,1983.tif,2,0,2,"{
   ""count"": 1
}"
487,1985.tif,1,0,2,"{
  ""number"": 12
}"
488,1986.tif,1,0,3,"{
""answer"": ""1""
}"
489,1987.tif,2,0,1,"{
  ""count"": 14,
  ""message"": ""The image contains 14 chromosomes""
}"
490,1988.tif,1,1,2,"{
  ""number"": 12
}"
491,199.tif,0,17,42,"{""chromosome_count"": ""1""}"
492,1990.tif,0,29,14,"{""chromosomes"":1}"
493,1991.tif,0,12,4,"{
""answer"": ""3""
}"
494,1992.tif,1,0,2,"{
""number"": 1
}"
495,1994.tif,0,12,8,"{
    ""chromosome_count"": 1,
    ""description"": ""The image contains 1 chromosome.""
}"
496,1995.tif,0,8,3,"{
""chromosomes"": 1
}"
497,2.tif,4,0,0,"{
  ""value"": 1,
  ""status"": ""unknown"",
  ""message"": ""The input image contains only one chromosome.""
}"
498,2006.tif,0,3,2,"{
""answer"": ""1""
}"
499,2009.tif,0,25,24,"{
""answer"": ""1""
}"
500,201.tif,1,1,1,"{""answer"": ""1""}"
501,2010.tif,0,34,62,"```json
{""chromosomes"": 1}
```"
502,2013.tif,0,7,8,"{""count"":1}"
503,2014.tif,0,15,25,"{
""answer"": ""1""
}"
504,202.tif,1,0,0,"{
    ""value"": 8
}"
505,2021.tif,1,0,0,"{
  ""number"": 31
}"
506,2022.tif,2,1,6,"{""chromosomes"": 1}"
507,2029.tif,0,5,7,"{
    ""value"": 14
}"
508,203.tif,1,0,0,"```json
{
  ""answer"": {
    ""totalChromosomes"": 12,
    ""countOfXChromosomes"": 0
  }
}
```"
509,2030.tif,0,23,18,"{""answer"":1}"
510,2031.tif,1,0,1,"{
  ""value"": 1
}"
511,2033.tif,0,6,1,"{""chromosomes"": 1}"
512,2034.tif,0,40,12,"{
   ""chromosomes"": 12
}"
513,2035.tif,1,1,2,"{""chromosomes"": 12}"
514,2040.tif,1,0,0,"{""chromosomes"": 12}"
515,2041.tif,3,0,0,"{""chromosomes"": ""1""}"
516,2042.tif,3,0,0,[1]
517,2045.tif,1,0,0,"{
""answer"": ""1""
}"
518,2046.tif,2,0,5,"{
""chomosomes"": 3
}"
519,2047.tif,2,0,0,"{
""number"": 14
}"
520,2049.tif,0,16,24,"{
    ""count"": 1,
    ""message"": ""The image contains 1 chromosome.""
}"
521,205.tif,2,4,1,"{""count"":2}"
522,2050.tif,0,36,51,"{
  ""answer"": 1,
  ""description"": """"
}"
523,2051.tif,1,3,9,"{
""chromosomes"": ""2""
}"
524,2053.tif,0,8,20,"{
  ""number"": 1
}"
525,2054.tif,1,19,55,"{
""chromosomes"": 14
}"
526,2055.tif,1,1,3,"{
""chromosomes"": 25
}"
527,206.tif,1,2,14,"{
""answer"": ""1""
}"
528,2063.tif,1,0,0,"{
  ""count"": 2
}"
529,2065.tif,0,12,5,"{
  ""chromosomes"": {
    ""value"": 1,
    ""count"": 1
  }
}"
530,2068.tif,0,3,1,"{
  ""chromosomes"": 1
}"
531,2069.tif,0,44,26,"{
""answer"": 1,
""reasoning"": ""The image contains only one chromosome structure.""
}"
532,207.tif,1,1,4,"{
""answer"": ""1""
}"
533,2070.tif,0,5,1,"{""answer"": {""1""}}"
534,2072.tif,0,1,0,"{
  ""answer"": 1,
  ""description"": ""The image contains only one chromosome.""
}"
535,2073.tif,0,9,5,"```json
{
""answer"": ""1""
}
```"
536,208.tif,0,11,25,"{
  ""count"": 1
}"
537,2089.tif,1,5,0,"{""chromosomeCount"": 2}"
538,209.tif,0,38,68,"```json
{
  ""number"": 3
}
```"
539,2090.tif,1,1,1,"{
""answer"": 14,
""explanation"": ""The image contains 14 chromosomes.""
}"
540,2093.tif,0,20,5,"{""value"": 12}"
541,2094.tif,0,7,5,"{
""answer"": ""1""
}"
542,210.tif,0,18,80,"{ ""number"": 25 }"
543,2102.tif,1,0,0,"{
  ""chromosomes"": 1
}"
544,2103.tif,1,0,0,"{
  ""count"": 1
}"
545,2105.tif,1,0,0,"{
""answer"": ""1""
}"
546,2106.tif,1,10,12,"{
  ""answer"": {
    ""number_of_chromosomes"": 1,
    ""description"": ""The image contains one chromosome.""
  }
}"
547,2108.tif,1,1,4,"{
  ""chromosomes"": 1,
  ""image"": {
    ""type"": ""cell_image"",
    ""description"": """",
    ""url"": """"
  }
}"
548,2109.tif,0,49,68,"{
""chromosomes"": 14
}"
549,211.tif,0,11,34,"{
 ""chromosome_count"": 1
}"
550,2110.tif,0,25,32,"{""chromosomes"": 1}"
551,2112.tif,2,0,3,"{""value"": ""1""}"
552,2113.tif,0,5,7,"{
   ""count"": 1
}"
553,2114.tif,0,2,4,"{ ""answer"": 1 }"
554,2118.tif,1,0,0,"{""chromosomes"": 1}"
555,2119.tif,1,0,0,"```json
{
  ""number_of_chromosomes"": 31
}
```"
556,212.tif,0,11,22,"{
""answer"": ""1""
}"
557,2126.tif,1,0,5,"{""chromosomes"": 1}"
558,2127.tif,1,0,1,"{
  ""answer"": 1,
  ""reason"": ""The image contains only one chromosome.""
}"
559,2129.tif,0,29,23,"{
""count"": 14
}"
560,213.tif,0,23,32,"{
""answer"": ""1""
}"
561,2130.tif,8,2,14,"{
""chromosomes"": 1
}"
562,2131.tif,1,0,1,"{
""chrm"": ""25""
}"
563,2133.tif,0,19,15,"{
""chromosomes"": 25,
""image_type"": ""cell""
}"
564,2134.tif,2,9,18,"```json
{
""answer"": 0,
""message"": ""No chromosome present""
}
```"
565,2135.tif,2,0,4,"{""chromosomes"": 1}"
566,2138.tif,1,0,1,"{
""answer"": ""1""
}"
567,2139.tif,1,0,0,"{
 ""answer"": [
 {
  ""value"": 1,
  ""description"": ""1 chromosome""
 },
 
 {""value"": 25, ""description"": ""25 chromosomes""}
 ],
 ""total_chromosomes"": 25
}"
568,214.tif,0,77,72,"{""value"": 1}"
569,2144.tif,3,3,0,"{""value"":14}"
570,2148.tif,6,0,6,"{""chromosomes"": 1}"
571,2149.tif,0,10,3,"{
""answer"": 14,
""confidence"": 98.72072072072072
}"
572,215.tif,0,21,63,"```json
{
  ""count"": 1
}
```"
573,2150.tif,0,16,9,"{
  ""chromosome_count"": 1,
  ""message"": """"
}"
574,2151.tif,0,6,4,"{
""chromosomes"": ""1""
}"
575,2153.tif,0,5,9,"{
""answer"": ""1""
}"
576,2154.tif,0,32,15,"{
   ""chromosome_count"": 14,
   ""description"": ""The image contains 14 chromosomes.""
}"
577,2155.tif,0,20,9,"{
""answer"": ""1""
}"
578,2157.tif,0,13,7,"{
""number_of_chromosomes"": 1
}"
579,2161.tif,1,0,0,"{
  ""number"": {
    ""value"": 3,
    ""unit"": """"
  }
}"
580,2165.tif,2,2,4,"{
""answer"": ""1""
}"
581,2169.tif,1,1,12,"{
 ""value"": 25
}"
582,2170.tif,0,35,7,"{
    ""chromosomes"": {
        ""count"": 1
    }
}"
583,2171.tif,3,0,4,"{
""answer"": ""1""
}"
584,2174.tif,0,3,0,"{
  ""answer"": ""25""
}"
585,2175.tif,7,1,3,"{
""answer"": ""2""
}"
586,2178.tif,1,0,0,"[{""value"": ""3""}]"
587,2179.tif,1,1,0,"{
  ""value"": 25
}"
588,218.tif,1,3,6,"{
""answer"": ""1""
}"
589,2188.tif,0,2,1,"```json
{
  ""count"": 3
}
```"
590,2189.tif,0,25,29,"{
  ""value"": ""3""
}"
591,2190.tif,0,4,10,"{""value"": 1}"
592,2191.tif,0,1,2,"{
""count"": 3
}"
593,2192.tif,0,1,1,"{""count"":1}"
594,2193.tif,0,13,12,"{
""count"": 14
}"
595,2194.tif,0,5,7,"{""value"": ""1""}"
596,22.tif,1,0,0,"{
  ""count"": 14
}"
597,2208.tif,1,0,0,"{""answer"": ""1""}"
598,2209.tif,1,13,4,"{
  ""count"": 1
}"
599,2210.tif,0,13,6,"{
  ""number"": 25
}"
600,2213.tif,0,27,7,"{
  ""value"": 1
}"
601,2214.tif,0,28,10,"{
""chromosomes"": 25
}"
602,2215.tif,0,3,3,"{""answer"": 2}"
603,2226.tif,1,2,6,"{
  ""answer"": 3,
  ""reasoning"": ""The image contains only one set of chromosomes, which is represented by the '1' chromosome.""
}"
604,2229.tif,2,8,1,"{
  ""chromosomes"": 19
}"
605,2230.tif,6,10,14,"{""count"": 1}"
606,2231.tif,1,0,0,"{""value"": ""2""}"
607,2232.tif,0,0,1,"{
  ""number"": 1,
  ""message"": ""The image contains only one chromosome.""
}"
608,2233.tif,0,9,2,"{
""answer"": ""1""
}"
609,2234.tif,0,30,19,"{
""count"": 14,
""chromosomes"": {
""x-shaped structures""
}
}"
610,2235.tif,1,16,8,"{
""answer"": ""2""
}"
611,2236.tif,1,0,0,"{
""answer"": ""1"",
""reasoning"": ""The image contains only one chromosome. This can be observed by counting the number of distinct connected components, which in this case are all the individual chromosomes. There is no need for additional information such as the size or orientation of these connected components since they represent the entire set of chromosomes.""
}"
612,2244.tif,1,0,0,"{
""chromosomes"": ""1""
}"
613,2245.tif,1,5,1,"{
""answer"": ""1""
}"
614,2246.tif,0,4,0,"{""value"":1}"
615,2248.tif,1,0,0,"{""answer"": 1}"
616,2249.tif,1,39,16,"{ ""value"": 1 }"
617,225.tif,0,15,25,"```json
{
  ""chromosomes"": 8
}
```"
618,2250.tif,0,28,8,"{""chromosomes"": 2}"
619,2251.tif,0,2,1,"{
""answer"": ""14""
}"
620,2253.tif,0,4,3,"{
   ""chromosomes"": 1
}"
621,2254.tif,0,6,7,"{
  ""count"": 1
}"
622,2259.tif,0,1,0,"{
    ""value"": 12
}"
623,226.tif,0,6,29,"{
""answer"": ""1""
}"
624,2260.tif,1,0,0,"{
  ""count"": 3,
  ""message"": ""The image contains 3 chromosomes.""
}"
625,2261.tif,1,0,0,"{
""number"": 14
}"
626,2264.tif,1,0,0,"```json
{
""answer"": ""3""
}
```"
627,2265.tif,1,0,0,"{
""chromosomes"": 12
}"
628,2269.tif,0,4,1,"{
""answer"": ""1""
}"
629,2270.tif,7,35,7,"{ ""value"": 12 }"
630,2274.tif,10,26,8,"{""count"":1}"
631,228.tif,0,7,7,"{
  ""answer"": 8
}"
632,2284.tif,1,0,0,"```json
{
  ""chromosomes"": 14
}
```"
633,2285.tif,2,0,0,"{""answer"": ""1""}"
634,2288.tif,1,8,1,"{
""answer"": ""2""
}"
635,2289.tif,1,22,20,"{""count"": ""1""}"
636,229.tif,0,16,38,"{""count"": 1}"
637,2290.tif,6,33,9,"```json
{
   ""number"": 1
}
```"
638,2291.tif,1,0,0,"{
""number"": 1,
""answer"": ""1 chromosome""
}"
639,2292.tif,7,1,20,"```json
{
  ""answer"": ""1""
}
```"
640,2293.tif,0,8,1,"{""chrm_num"": 3}"
641,2294.tif,0,14,2,"{
""number"": ""1""
}"
642,2295.tif,0,1,0,"{
""answer"": ""0""
}"
643,2296.tif,2,0,1,"{
""answer"": ""1"",
""reasoning"": ""The image contains 1 chromosome.""
}"
644,2297.tif,1,6,1,"{
""answer"": ""1""
}"
645,23.tif,1,0,0,"{""chromosomes"": ""1""}"
646,230.tif,0,17,30,"```json
{
  ""number"": 0
}
```"
647,2302.tif,1,0,0,"{
  ""number"": 14
}"
648,2303.tif,1,0,0,"{""answer"": ""1""}"
649,2309.tif,0,5,8,"{
""chromosomes"": 25
}"
650,231.tif,0,4,15,"{ ""answer"": 12 }"
651,2310.tif,0,8,7,"{
""chromosomes"": 1
}"
652,2313.tif,0,22,33,"{""chromosomes"": 1}"
653,2314.tif,0,25,21,"{""value"": 1}"
654,2317.tif,0,4,12,"{
""chromosomes"": 25
}"
655,2318.tif,0,5,5,"{
""answer"": ""1""
}"
656,232.tif,0,4,9,"{""count"": 0}"
657,2320.tif,1,0,0,"{ ""value"": 14 }"
658,2321.tif,2,1,0,"{
  ""answer"": ""1"",
  ""description"": ""The image contains only one chromosome.""
}"
659,2322.tif,1,3,1,"[{""value"": ""1""}]"
660,2323.tif,1,1,0,"{
""answer"": 1,
""reasoning"": ""The image contains only one chromosome, which is represented by the X-shaped structure.""
}"
661,2324.tif,1,0,0,"{
""answer"": 8,
""reasoning"": ""The image contains 12 chromosomes.""
}"
662,2325.tif,1,0,0,"{
""chromosomes"": 12
}"
663,2326.tif,1,0,0,"{""value"": ""1""}"
664,2328.tif,3,4,0,"```json
{""value"": 12}
```"
665,2329.tif,1,11,0,"```json
{
  ""answer"": 12
}
```"
666,233.tif,0,14,30,"{
  ""value"": 1
}"
667,2330.tif,0,19,3,"{""value"":2}"
668,2331.tif,0,6,2,[14]
669,2332.tif,1,8,0,"{""value"":1}"
670,2333.tif,1,23,2,"```json
{
    ""number_of_chromosomes"": 14,
    ""description"": ""The image contains 14 chromosomes.""
}
```"
671,2334.tif,1,0,0,"{
""answer"": ""1""
}"
672,2335.tif,1,0,0,"{
  ""chromosomes"": 31,
  ""answer"": {
    ""value"": 31,
    ""type"": ""integer""
  }
}"
673,2337.tif,1,2,0,"{
  ""count"": 31
}"
674,2338.tif,1,0,0,"{
  ""number"": 1
}"
675,2339.tif,1,0,0,"{
  ""count"": 25
}"
676,234.tif,0,14,24,"[{""value"": 25}]"
677,2340.tif,5,0,1,"{""answer"": ""3""}"
678,2341.tif,1,0,0,"{
  ""chromosomes"": 1
}"
679,2342.tif,1,0,0,"{
  ""count"": 1
}"
680,235.tif,0,9,25,"{""answer"": ""3""}"
681,236.tif,2,2,32,"{
""answer"": ""1""
}"
682,237.tif,0,2,17,"{
""chromosomeCount"": ""1""
}"
683,238.tif,0,4,18,"{
  ""answer"": 14,
  ""reasoning"": ""The image contains 14 chromosomes.""
}"
684,242.tif,0,6,12,"{
  ""chromosomes"": 1,
  ""image"": {
    ""description"": ""A cell image containing 1 chromosome."",
    ""type"": ""cell"",
    ""id"": ""1""
  }
}"
685,243.tif,0,2,5,"{
  ""number_of_chromosomes"": 1
}"
686,245.tif,28,0,16,"{
    ""number"": 14
}"
687,246.tif,6,4,71,"{""value"": 1}"
688,247.tif,0,12,64,"{
""answer"": 14,
""reason"": ""The image contains 14 chromosomes.""
}"
689,248.tif,0,24,60,"{
""chromosome_count"": 1
}"
690,249.tif,12,6,13,"{""chromosomes"": ""1""}"
691,250.tif,2,5,65,"{
  ""value"": 8
}"
692,251.tif,0,24,85,[1]
693,252.tif,0,22,120,"{
  ""chromosomes"": 32
}"
694,253.tif,6,22,116,"{
""chromosomes"": ""2""
}"
695,254.tif,2,17,154,"{
""chromosomes"": 2
}"
696,255.tif,0,13,86,"{
  ""count"": 1
}"
697,257.tif,11,6,127,"{
""chromosomes"": ""8""
}"
698,258.tif,0,1,78,"{
    ""answer"": 14
}"
699,259.tif,0,3,24,"{ ""number"": 1 }"
700,260.tif,0,2,5,"{
""chromosome_count"": ""25""
}"
701,262.tif,0,2,7,"{""answer"": 1}"
702,263.tif,0,13,34,"{""answer"":1}"
703,266.tif,0,15,22,"```json
[12]
```"
704,267.tif,0,35,37,"{""chrmn"": ""1""}"
705,268.tif,0,11,49,"{
""number"": 25
}"
706,269.tif,0,13,110,"{
""answer"": {
    ""value"": [
        1,
        14,
        31
    ]
}"
707,270.tif,0,6,25,"{""answer"": ""1""}"
708,271.tif,0,15,26,"{
""answer"": ""2""
}"
709,272.tif,0,21,86,"{""value"": ""1""}"
710,273.tif,0,26,156,"{
    ""count"": 1
}"
711,274.tif,0,10,68,"{ ""value"": 1 }"
712,276.tif,0,4,18,"[{""count"": 14}]"
713,277.tif,0,13,51,"{""answer"": ""1""}"
714,289.tif,0,26,17,"{
""number"": ""2""
}"
715,29.tif,0,9,0,"{
  ""number"": 14
}"
716,290.tif,0,13,16,"{""chromosome_count"":3}"
717,293.tif,0,27,10,"{
""answer"": ""1""
}"
718,294.tif,0,11,20,"{
""chromosomes"": 1,
""image_type"": ""cell""
}"
719,295.tif,0,7,11,"{
  ""answer"": 1
}"
720,297.tif,0,2,1,"{
""count"": ""1""
}"
721,298.tif,0,7,5,"{
""chromosomes"": 1
}"
722,3.tif,2,0,0,[1]
723,309.tif,0,18,28,"{""chrs"":25}"
724,310.tif,0,9,22,"{
  ""number"": 1
}"
725,311.tif,0,3,10,"{
""answer"": ""1""
}"
726,313.tif,0,20,22,"```json
{
  ""chromosome_count"": 1
}
```"
727,314.tif,0,18,30,"{
""answer"": ""1""
}"
728,315.tif,0,7,11,"{
""chromosomes"": 14
}"
729,32.tif,0,16,0,"{
""chromosomes"": ""1""
}"
730,325.tif,0,3,0,"{
  ""answer"": 1,
  ""description"": ""There is only one chromosome in this image.""
}"
731,326.tif,0,3,6,"{
""chromosomes"": ""3""
}"
732,328.tif,0,4,0,"```json
[14]
```"
733,329.tif,0,17,26,"{""value"": 1}"
734,33.tif,0,45,2,"{
""answer"": ""1""
}"
735,330.tif,0,11,27,"{
  ""number"": 1
}"
736,331.tif,0,8,15,"{
""answer"": ""3""
}"
737,333.tif,0,15,11,[1]
738,334.tif,0,21,33,[1]
739,335.tif,0,7,10,"{
  ""count"": 14
}"
740,343.tif,1,0,0,"{
  ""count"": {
    ""value"": 1,
    ""description"": ""The chromosome count is not specified in the image""
  }
}"
741,344.tif,0,12,1,"{
  ""answer"": ""1""
}"
742,345.tif,0,58,37,"{""value"": 25}"
743,346.tif,0,40,51,"{
  ""number"": 14
}"
744,347.tif,1,2,6,"{""value"": ""1""}"
745,348.tif,0,14,28,"{
  ""answer"": 1
}"
746,349.tif,0,30,80,"```json
{
""number_of_chromosomes"": ""1""
}
```"
747,350.tif,0,11,68,[1]
748,352.tif,0,13,17,"{
""answer"": 25,
""reasoning"": ""The image contains two sets of chromosomes, each representing one set of 12 chromosomes. The total number of chromosomes is therefore 2 * 12 = 24.""
}"
749,353.tif,0,32,75,"{
""chromosomes"": ""25""
}"
750,354.tif,0,15,57,"{
""answer"": ""12""
}"
751,357.tif,0,3,6,"{
""answer"": 1,
""reason"": ""The image contains only one chromosome structure, which is the chromosome itself.""
}"
752,36.tif,4,1,0,"{
""answer"": ""1""
}"
753,368.tif,1,0,0,"{
  ""count"": {
    ""total"": 25,
    ""unique"": 1
  }
}"
754,369.tif,0,15,11,"{""answer"": ""1""}"
755,37.tif,2,18,5,"{""chromosome count"": 1}"
756,370.tif,0,14,18,"{""answer"": ""3""}"
757,371.tif,0,4,6,"{
  ""number"": ""1""
}"
758,372.tif,1,0,0,"{
""answer"": ""1""
}"
759,373.tif,0,21,10,"{
""answer"": ""1""
}"
760,374.tif,0,23,17,"{""value"": 2}"
761,375.tif,0,3,3,"{
""chromosomes"": ""1""
}"
762,378.tif,0,4,3,"{
    ""answer"": {
        ""chromosomes"": 25,
        ""description"": ""The chromosome count in the image is 25.""
    }
}"
763,385.tif,0,4,8,"{""answer"": 2}"
764,388.tif,0,11,12,"{""answer"": 1}"
765,389.tif,0,32,46,"{
""answer"": ""1""
}"
766,390.tif,0,26,72,"{""answer"": ""1""}"
767,391.tif,0,8,34,"{""value"":1}"
768,392.tif,0,19,20,"{
  ""count"": 1
}"
769,393.tif,0,14,23,"{
  ""answer"": 14,
  ""reasoning"": ""The image contains 14 chromosomes.""
}"
770,394.tif,0,26,78,"{
""chromosomes"": 1
}"
771,395.tif,0,18,43,"```json
{
  ""number_of_chromosomes"": 14
}
```"
772,398.tif,0,13,36,"```json
{
  ""value"": 14
}
```"
773,399.tif,0,2,12,"{
""answer"": ""1""
}"
774,4.tif,3,1,0,"```json
{
  ""count"": 14
}
```"
775,40.tif,2,0,0,"{
""answer"": ""1""
}"
776,409.tif,0,11,32,"{""count"": ""0""}"
777,41.tif,1,1,0,"{
""number"": 14
}"
778,410.tif,0,16,34,"{
""number"": 1
}"
779,411.tif,0,3,24,"{
""chromosomes"": 1
}"
780,413.tif,0,22,38,"{
""chromosome_count"": 14
}"
781,414.tif,0,23,58,"{
    ""number"": 14,
    ""description"": ""This is an image of cells with 14 chromosomes.""
}"
782,428.tif,0,3,6,"{
  ""chromosomes"": 14
}"
783,429.tif,0,29,38,"{""value"": 3}"
784,430.tif,0,4,12,"```json
{
""chromosomes"": 1
}
```"
785,432.tif,2,3,2,"{
  ""count"": 12
}"
786,433.tif,0,24,50,"{
  ""chromosome_count"": 14
}"
787,434.tif,1,10,23,"{
  ""answer"": 12,
  ""reasoning"": """"
}"
788,435.tif,0,4,6,"{""value"":1}"
789,437.tif,0,6,4,"{
  ""chromosomes"": 14
}"
790,438.tif,0,4,3,"{""chromosomes"": 1}"
791,439.tif,0,2,2,"{""value"": ""2""}"
792,44.tif,1,0,0,"```json
[1]
```"
793,440.tif,0,1,10,"{""value"":1}"
794,442.tif,0,3,11,"[{""value"": ""1""}]"
795,443.tif,0,20,24,"{""answer"": ""1""}"
796,446.tif,0,12,27,"{""value"": 2}"
797,447.tif,0,31,33,"{
""answer"": ""1""
}"
798,448.tif,0,11,61,"{
  ""value"": 8
}"
799,449.tif,0,19,121,"{""value"": ""1""}"
800,45.tif,1,4,2,"{
   ""number"": 0,
   ""message"": """"
}"
801,450.tif,1,3,60,"{""value"": 1}"
802,451.tif,0,11,21,[1]
803,452.tif,0,11,61,"{
    ""number_of_chromosomes"": 25
}"
804,453.tif,0,25,154,"{ ""answer"": ""0"" }"
805,454.tif,0,13,98,"{""count"": ""1""}"
806,457.tif,0,8,26,"{""value"": ""1""}"
807,468.tif,0,8,16,"{
""count"": 1
}"
808,469.tif,0,16,33,"{""answer"": ""1""}"
809,470.tif,0,2,5,"{
  ""value"": 14
}"
810,472.tif,0,13,37,"{
""number"": 14
}"
811,473.tif,0,34,52,"{""value"": 8}"
812,474.tif,0,9,17,"[{""value"": ""0""}]"
813,476.tif,0,3,9,"{""answer"": ""2""}"
814,477.tif,0,11,17,"{
  ""chromosome_count"": 1
}"
815,478.tif,1,3,3,"{""count"": 1}"
816,479.tif,5,0,15,"{
  ""answer"": {
    ""chromosomes"": 8,
    ""message"": """"
  }
}"
817,485.tif,0,4,20,"{
""chro"": ""1""
}"
818,486.tif,0,9,17,"{""value"": ""1""}"
819,487.tif,0,3,1,"{
    ""chromosome_count"": 8,
    ""image_type"": ""cell_image"",
    ""description"": ""The image contains 8 chromosomes.""
}"
820,488.tif,0,2,6,"{
  ""answer"": {
    ""value"": 14,
    ""confidence"": 90.89
  }
}"
821,489.tif,0,29,88,"{
""answer"": ""1""
}"
822,49.tif,0,39,2,"{
""count"": 1
}"
823,490.tif,0,21,58,"{
""chromosomes"": 1
}"
824,491.tif,0,7,31,"{
  ""chromosomes"": 1
}"
825,492.tif,0,10,14,"{
  ""number"": 1
}"
826,493.tif,0,32,98,"{
  ""value"": 14
}"
827,494.tif,0,38,88,"{
    ""chromosomes"": {
        ""count"": 8,
        ""description"": ""The image contains 8 chromosomes.""
    }
}"
828,495.tif,11,0,5,"{
""answer"": ""1""
}"
829,496.tif,0,6,7,"{
""answer"": ""25""
}"
830,497.tif,0,23,40,"{
""chromosomes"": 12
}"
831,498.tif,1,1,17,"{
""answer"": ""1""
}"
832,499.tif,1,0,11,"{
""answer"": ""1""
}"
833,5.tif,2,9,1,"{
""answer"": ""3""
}"
834,50.tif,0,34,4,"{
  ""value"": 14
}"
835,500.tif,0,15,15,"{
""answer"": 14,
""reason"": ""The image contains a total of 14 chromosomes.""
}"
836,501.tif,0,20,33,"{""chromosomes"": {""count"": 1}}"
837,502.tif,0,11,17,"{
  ""value"": 19
}"
838,504.tif,0,12,17,"{ ""chromosomes"": 12 }"
839,505.tif,0,16,25,"{
""chromosomes"": ""14""
}"
840,506.tif,0,8,18,"{
  ""chromosomes"": 1
}"
841,508.tif,0,1,1,"{
""number_of_chromosomes"": 25
}"
842,509.tif,0,6,12,"{
""chromosomes"": ""1""
}"
843,510.tif,0,4,18,"{ ""count"": 2 }"
844,513.tif,0,22,46,"{
  ""count"": 1
}"
845,514.tif,0,18,57,"{""value"": ""1""}"
846,515.tif,0,3,22,"```json
{
  ""number"": 14
}
```"
847,517.tif,0,19,42,"[{""ch"": ""1""}]"
848,518.tif,0,10,40,"{
""answer"": ""3""
}"
849,529.tif,0,19,21,"{
""answer"": 14,
""reasoning"": ""The image contains three main structures: ecDNA, nuclei, and chromosomes. Chromosomes are X-shaped structures in cell images. Therefore, there should be at least one chromosome present in the image.""
}"
850,530.tif,0,28,22,"{
    ""number"": 25
}"
851,533.tif,0,12,20,"{
""answer"": ""1""
}"
852,534.tif,0,20,21,"{
  ""value"": ""1""
}"
853,536.tif,0,18,46,"{""answer"": ""2""}"
854,537.tif,0,16,44,"{""value"":1}"
855,538.tif,1,1,5,"{
  ""answer"": {
    ""count"": 25,
    ""type"": ""image""
  }
}"
856,54.tif,1,5,0,"{
""chromosomes"": 1
}"
857,541.tif,1,0,0,"```json
{
  ""answer"": {
    ""number"": 0,
    ""type"": ""none""
  }
}
```"
858,542.tif,3,0,0,"{
  ""chromosomes"": 1,
  ""image"": {
    ""type"": ""array"",
    ""values"": [
      {
        ""value"": 1,
        ""description"": ""The image contains one chromosome.""
      }
    ]
  },
  ""description"": ""This image only contains one chromosome.""
}"
859,544.tif,0,5,8,"{
  ""value"": 14
}"
860,545.tif,0,32,76,"{
""count"": 1
}"
861,546.tif,1,8,38,"{
""chromosomes"": ""1""
}"
862,548.tif,2,5,31,"{
""answer"": ""1""
}"
863,549.tif,0,38,102,"{ ""chromosomes"": 25 }"
864,55.tif,2,0,1,"{
  ""value"": 1
}"
865,550.tif,1,15,56,"{
""number"": ""2""
}"
866,551.tif,1,0,4,"{
""chromosomes"": ""1""
}"
867,552.tif,6,0,0,"{
  ""count"": 1
}"
868,553.tif,16,0,15,"{ ""number"": 8 }"
869,554.tif,1,10,38,"{""chromosomes"": 2}"
870,555.tif,1,0,2,"{
  ""chromosomes"": {
    ""total"": 14
  }
}"
871,56.tif,1,0,0,"{
  ""number"": 8
}"
872,565.tif,0,8,28,"{
""answer"": 8,
""reasoning"": ""The image contains 8 chromosomes.""
}"
873,566.tif,0,15,42,[1]
874,568.tif,0,2,10,"{
""chromosomeCount"": ""1""
}"
875,569.tif,0,31,95,"{
""chromosomes"": 25
}"
876,570.tif,0,31,75,"{""answer"": ""2""}"
877,571.tif,0,6,40,"{
""chromosomes"": ""3""
}"
878,572.tif,0,6,15,"{
  ""answer"": ""1""
}"
879,573.tif,0,32,80,"{""chromosomes"": 1}"
880,574.tif,0,22,88,"```json
{
  ""chromosomes"": 14
}
```"
881,577.tif,0,12,39,"{
  ""count"": 12
}"
882,578.tif,0,5,78,"{""value"": 1}"
883,58.tif,1,0,0,[1]
884,589.tif,0,9,103,"{
   ""chromosomes"": 25
}"
885,59.tif,2,20,2,"{""answer"": ""1""}"
886,590.tif,0,20,145,"{
""number of chromosomes"": 25
}"
887,591.tif,3,2,14,"{ ""value"": 25 }"
888,592.tif,1,5,35,"{
  ""answer"": 14,
  ""reasoning"": ""The chromosome count of 14 can be determined by counting the X-shaped structures present in the cell image.""
}"
889,593.tif,0,7,82,"[{""chromosome_count"": 1}]"
890,594.tif,0,29,155,"{
""answer"": ""1""
}"
891,595.tif,1,13,66,"{
  ""number"": 1
}"
892,596.tif,0,21,62,"{
    ""chromosomes"": 25
}"
893,598.tif,0,4,61,"{
  ""number"": 1,
  ""message"": ""The image contains only one chromosome.""
}"
894,599.tif,0,4,37,"{
  ""answer"": ""1""
}"
895,6.tif,2,0,0,"{
   ""count"": ""1""
}"
896,605.tif,0,2,43,"{""count"": ""1""}"
897,609.tif,0,25,89,"{
""answer"": 1
}"
898,610.tif,0,16,58,"{
""chromosomes"": ""1""
}"
899,611.tif,0,0,2,"{
""count"": 25
}"
900,613.tif,0,19,104,"{
  ""count"": 1,
  ""type"": ""chromosomes""
}"
901,614.tif,3,1,10,"{""chromosomes"": 1}"
902,615.tif,1,0,10,"{
  ""answer"": ""1""
}"
903,617.tif,0,5,36,"{
""answer"": 8
}"
904,618.tif,0,5,30,"{
""answer"": ""1""
}"
905,620.tif,1,0,0,"{
  ""answer"": 1,
  ""description"": ""The image contains only one chromosome.""
}"
906,621.tif,1,0,0,[14]
907,622.tif,1,0,0,"{
""answer"": ""1""
}"
908,623.tif,2,0,0,"{
  ""count"": [
    1,
    1,
    14,
    12,
    25
  ]
}"
909,624.tif,1,0,0,"{""count"": ""1""}"
910,625.tif,1,0,0,"{
""answer"": ""1""
}"
911,626.tif,1,0,0,"{
""chromosomes"": ""8""
}"
912,627.tif,1,0,0,"{
""answer"": ""12""
}"
913,629.tif,0,33,12,"{
  ""value"": 1
}"
914,630.tif,0,24,4,"{
""count"": 14
}"
915,633.tif,0,3,3,"{
  ""chromosome_count"": 1
}"
916,634.tif,0,11,8,"{
""chromosomes"": ""1""
}"
917,636.tif,1,0,0,"{""chromosome_count"": ""1""}"
918,637.tif,1,0,0,"{
""chromosomes"": 1
}"
919,638.tif,2,1,2,"{
""number"": ""1""
}"
920,640.tif,2,0,0,"{
""answer"": ""14""
}"
921,641.tif,4,0,7,"{
  ""answer"": 1,
  ""reasoning"": """"
 }"
922,642.tif,2,0,0,"{
""answer"": ""1""
}"
923,643.tif,1,1,9,"{
""answer"": ""1""
}"
924,644.tif,3,0,0,"{
  ""chromosomes"": [
    25
  ]
}"
925,645.tif,2,0,0,"[{""value"": ""8""}]"
926,646.tif,2,0,0,"```json
{
  ""number"": 1
}
```"
927,647.tif,5,0,3,"{
""answer"": ""3""
}"
928,648.tif,2,0,0,"{
""number"": 1
}"
929,649.tif,1,11,7,"{
   ""value"": 31
}"
930,650.tif,0,7,2,"{
""number_of_chromosomes"": ""1""
}"
931,652.tif,1,22,10,"{
""answer"": ""1"",
""reason"": ""The image contains only one chromosome structure.""
}"
932,653.tif,0,27,23,"{
  ""value"": 1,
  ""description"": ""The image contains only one chromosome.""
}"
933,654.tif,1,4,0,"{""answer"":1}"
934,656.tif,1,1,0,"{
""answer"": ""1""
}"
935,657.tif,1,3,0,"{
""number"": 14
}"
936,658.tif,4,0,0,"{
  ""count"": 12
}"
937,659.tif,1,0,0,"{
  ""chromosomes"": 12
}"
938,660.tif,3,0,0,"[{""value"": ""1""}]"
939,661.tif,6,1,0,"```json
{
""chromosome_count"": 14
}
```"
940,662.tif,2,0,0,"{
""chromosomes"": 14
}"
941,663.tif,2,0,0,"{
  ""chromosomes"": 1,
  ""count"": 1
}"
942,664.tif,2,0,0,"{
  ""chromosomes"": {
    ""count"": 1
  }
}"
943,665.tif,2,0,0,"{
""answer"": ""31""
}"
944,666.tif,2,0,0,"{
""answer"": ""1""
}"
945,667.tif,1,0,0,"{
  ""chromosomes"": 1
}"
946,668.tif,2,0,0,"{
""answer"": ""25""
}"
947,669.tif,0,20,9,"{""answer"": ""1""}"
948,670.tif,1,25,9,"```json
{
  ""number"": 14
}
```"
949,672.tif,3,0,0,"{""value"":1}"
950,673.tif,2,11,0,"{""value"": 1}"
951,674.tif,0,15,3,"{ ""count"": 1 }"
952,675.tif,1,0,0,"{""answer"": 1}"
953,676.tif,7,0,0,"{
""answer"": ""1""
}"
954,677.tif,5,0,1,"{
    ""value"": 1
}"
955,678.tif,1,0,0,"{ ""chromosomes"": 1 }"
956,679.tif,2,1,0,"{""chro"": {""count"": 0}}"
957,68.tif,0,2,6,"{
""chrm"": 1
}"
958,680.tif,4,0,0,"{
""chromosomes"": ""1""
}"
959,681.tif,5,0,0,"{
  ""chromosomes"": 3
}"
960,682.tif,3,0,0,"{
  ""count"": 12
}"
961,683.tif,3,2,0,"{
""chromosomes"": ""1""
}"
962,684.tif,2,1,0,[1]
963,685.tif,2,4,1,"{
    ""count"": 1
}"
964,686.tif,4,2,0,"{
   ""answer"": [
      1,
      14,
      31,
      12,
      25
   ]
}"
965,687.tif,3,0,0,"{
""chromosomes"": ""1""
}"
966,688.tif,3,26,18,[1]
967,689.tif,1,24,20,"{
  ""answer"": 25
}"
968,69.tif,0,8,17,"{ ""value"": 1 }"
969,690.tif,2,6,0,"{
""answer"": ""1""
}"
970,691.tif,3,0,0,"{
""chromosomes"": ""1""
}"
971,692.tif,2,0,1,[1]
972,693.tif,1,1,3,"{
""chomosomes"": 1,
""data"": [
]
}"
973,694.tif,1,4,3,"{
""chromosomes"": 12
}"
974,695.tif,4,1,1,"{
   ""count"": 3
}"
975,696.tif,5,0,0,"{
  ""value"": 1
}"
976,697.tif,1,0,0,"{""value"": 1}"
977,699.tif,1,0,0,"{""chrm_count"":1}"
978,7.tif,2,0,1,"{
""count"": 14,
""message"": ""Success"",
""status"": ""OK""
}"
979,70.tif,0,4,13,"{
  ""value"": 1
}"
980,700.tif,2,0,0,"{
""answer"": ""8""
}"
981,701.tif,1,0,0,"{""chromosome_count"": 1}"
982,702.tif,3,0,0,"[{""value"": ""1""}]"
983,703.tif,2,0,0,"{""answer"": ""3""}"
984,704.tif,2,0,0,"{
""chromosomes"": ""1""
}"
985,705.tif,1,0,1,[1]
986,706.tif,3,0,0,"{""answer"": ""1""}"
987,707.tif,4,1,0,"{""answer"": ""1""}"
988,708.tif,1,0,0,"{
""answer"": ""31"",
""name"": ""cell image with 3 chromosomes""
}"
989,709.tif,0,39,65,"{
  ""value"": 14
}"
990,710.tif,1,18,25,"{
""chromosomes"": 1
}"
991,711.tif,4,0,0,"{""chromosome_count"":1}"
992,712.tif,2,0,0,"[{""value"": 1}]"
993,713.tif,1,8,8,"{
""count"": 1
}"
994,714.tif,1,2,4,"{ ""number"": 12 }"
995,715.tif,3,2,0,[1]
996,716.tif,4,0,0,[12]
997,717.tif,2,0,0,"{
""answer"": 14,
""reason"": ""The image contains a total of 14 chromosomes.""
}"
998,718.tif,2,0,1,"{
""number"": 14
}"
999,719.tif,2,0,0,"{
""number"": ""1""
}"
1000,72.tif,0,7,15,"{""chromosomes"": 1}"
1001,720.tif,2,0,0,"{
    ""number_of_chromosomes"": 1
}"
1002,721.tif,1,0,0,"{
  ""number"": 1
}"
1003,724.tif,2,1,0,"{
  ""chromosomes"": {
    ""value"": 1,
    ""description"": ""The image contains one chromosome.""
  }
}"
1004,725.tif,1,0,0,"{
""chromosomes"": ""1""
}"
1005,726.tif,1,0,0,"{
""number"": 25
}"
1006,727.tif,2,0,0,"{
""number_of_chromosomes"": 14
}"
1007,728.tif,2,13,2,"```json
{
  ""count"": 14
}
```"
1008,729.tif,0,37,1,"{
""chromosomes"": 14,
""image_type"": ""cell""
}"
1009,73.tif,0,19,33,"{
  ""number"": 1
}"
1010,730.tif,2,0,0,"{""answer"": ""1""}"
1011,731.tif,2,2,0,"{
  ""value"": 1,
  ""description"": ""The image contains one chromosome.""
}"
1012,732.tif,2,3,0,"{
""answer"": {
""chromosomes"": 1,
""image_type"": ""A cell image""
}
}"
1013,733.tif,1,10,1,"{""count"": ""2""}"
1014,736.tif,1,0,1,"{
""number"": ""1""
}"
1015,737.tif,1,0,0,"{""value"": ""1""}"
1016,74.tif,0,11,27,"{""answer"": ""2""}"
1017,740.tif,1,0,0,"{
  ""chromosomes"": 1
}"
1018,741.tif,1,0,0,"{
""answer"": ""1""
}"
1019,742.tif,2,0,0,"{
  ""number"": 25
}"
1020,743.tif,4,0,4,"{
  ""count"": 1
}"
1021,744.tif,1,0,0,"{
  ""answer"": {
    ""value"": {
      ""number"": 1,
      ""unit"": """"
    }
  }
}"
1022,745.tif,1,1,0,"{
""answer"": ""1""
}"
1023,746.tif,1,6,1,"{
""answer"": ""1""
}"
1024,747.tif,2,0,0,"{
""answer"": ""1""
}"
1025,748.tif,1,0,0,"{""value"":1}"
1026,749.tif,1,31,9,"{
  ""value"": 25
}"
1027,750.tif,0,13,2,"{
""chromosomes"": 12
}"
1028,751.tif,1,0,0,[1]
1029,753.tif,2,9,3,"{
""answer"": ""25""
}"
1030,754.tif,2,0,0,"```json
{
  ""value"": 25
}
```"
1031,755.tif,2,0,0,"{ ""answer"": 25 }"
1032,756.tif,2,0,0,"{
""chromosomes"": ""1""
}"
1033,757.tif,2,0,0,"{
  ""value"": 8
}"
1034,758.tif,2,0,0,"{
  ""number"": 1
}"
1035,759.tif,1,0,0,"{
""answer"": ""1""
}"
1036,76.tif,13,0,9,"{""answer"": ""14""}"
1037,760.tif,2,1,2,"{
  ""count"": 1,
  ""type"": ""chromosomes""
}"
1038,761.tif,2,0,0,"{
   ""number"": 14,
   ""description"": ""A cell image containing 14 chromosomes.""
}"
1039,762.tif,1,0,0,"```json
{
""chromosomes"": 1
}
```"
1040,764.tif,2,0,0,"{
""answer"": ""2""
}"
1041,765.tif,2,0,0,"{
""number"": ""1""
}"
1042,766.tif,4,2,0,"```json
{""chromosomes"": 8}
```"
1043,767.tif,1,0,0,"{
""answer"": ""1""
}"
1044,768.tif,2,0,0,"{
""answer"": ""1""
}"
1045,769.tif,1,45,14,"{
""chromosomes"": ""1""
}"
1046,77.tif,1,9,11,"{""value"": ""3""}"
1047,770.tif,2,9,3,"```json
{
    ""chromosome_count"": 25
}
```"
1048,771.tif,6,0,0,"{
""number"": ""25""
}"
1049,773.tif,0,11,11,"{
""chromosomes"": ""1""
}"
1050,774.tif,1,10,2,"{""value"": ""1""}"
1051,775.tif,2,0,0,"{
""chrm"": 14,
""chromo"": ""14""
}"
1052,777.tif,0,2,0,"{""value"": 1}"
1053,779.tif,1,0,0,"{
""chromosomes"": ""2""
}"
1054,78.tif,0,3,1,"{""count"": ""1""}"
1055,780.tif,1,0,1,"{
  ""value"": 0
}"
1056,782.tif,2,3,0,"{
    ""number"": 12
}"
1057,783.tif,2,1,0,"{
    ""number"": 1,
    ""message"": ""The image contains only one chromosome.""
}"
1058,784.tif,2,0,0,"{
""answer"": ""25""
}"
1059,785.tif,1,3,0,"{
""chromosomes"": ""1""
}"
1060,786.tif,2,0,0,"{
""answer"": ""12""
}"
1061,787.tif,2,2,0,"{
""chromosome_count"": 0
}"
1062,788.tif,1,1,0,"{""value"": ""1""}"
1063,789.tif,1,16,0,"{
""count"": 14
}"
1064,790.tif,1,11,0,"{
   ""count"": 8
}"
1065,791.tif,2,2,0,"{""value"": 1}"
1066,792.tif,0,6,0,"{
""count"": 14
}"
1067,793.tif,1,19,1,"{
""chromosomeCount"": 14
}"
1068,794.tif,0,10,0,"{
  ""number"": 12
}"
1069,795.tif,1,0,0,"{
    ""chromosomes"": 1
}"
1070,796.tif,1,0,0,"{
""answer"": ""1""
}"
1071,8.tif,4,0,2,"{
""answer"": ""1""
}"
1072,800.tif,3,0,0,"{""count"": ""25""}"
1073,801.tif,1,0,0,"{
    ""chromosomes"": 25
}"
1074,802.tif,2,0,0,"{
  ""count"": 1
}"
1075,803.tif,1,0,0,"{
""chromosomes"": 1
}"
1076,804.tif,2,0,0,"{""value"": 1}"
1077,805.tif,1,1,0,"{
  ""number"": 12
}"
1078,806.tif,0,2,3,"{
  ""count"": 1,
  ""result"": {
    ""chromosomes"": 1
  }
}"
1079,807.tif,1,0,0,"{
""number_of_chromosomes"": ""14""
}"
1080,808.tif,2,0,0,"{
  ""value"": 12
}"
1081,809.tif,1,8,16,"{
""answer"": ""1""
}"
1082,810.tif,0,9,8,"{
""chromosomes"": ""2""
}"
1083,811.tif,1,0,0,"{
""answer"": ""1""
}"
1084,812.tif,2,0,0,"{
    ""count"": 25,
    ""chromosomes"": {
        ""X"": 8,
        ""Y"": 17
    }
}"
1085,813.tif,2,18,24,"{
  ""answer"": 2,
  ""description"": [
    ""The image contains a single chromosome.""
  ]
}"
1086,814.tif,0,12,8,"{
  ""number"": 14
}"
1087,816.tif,1,0,0,"{
    ""count"": 1
}"
1088,817.tif,2,0,0,"{
  ""answer"": {
    ""numerator"": 2,
    ""denominator"": 1
  }
}"
1089,819.tif,1,0,0,"{
  ""value"": 1
}"
1090,820.tif,3,0,0,"{
""number"": 12
}"
1091,821.tif,1,2,7,"{
""answer"": ""3""
}"
1092,822.tif,2,0,0,[1]
1093,823.tif,2,0,5,[1]
1094,824.tif,1,0,1,"{
""answer"": ""14""
}"
1095,825.tif,1,7,0,"{""value"": 2}"
1096,826.tif,2,2,0,"{""chrm"":1}"
1097,827.tif,2,3,2,"{
  ""answer"": {
    ""count"": 1,
    ""value"": 8
  }
}"
1098,828.tif,0,14,12,"{
    ""chromosomes"": 8
}"
1099,829.tif,0,25,0,"{
  ""answer"": ""25""
}"
1100,830.tif,0,8,1,"{""chromosomes"": ""1""}"
1101,831.tif,1,1,1,"{
""chromosomeCount"": 1,
""message"": ""The image contains one chromosome.""
}"
1102,832.tif,0,2,9,"{
  ""number"": 14
}"
1103,833.tif,2,10,2,"{
   ""count"": 1
}"
1104,834.tif,1,3,3,"{
""answer"": ""1""
}"
1105,835.tif,2,0,0,"{
""answer"": ""1""
}"
1106,837.tif,0,1,0,"{
""number"": 1
}"
1107,838.tif,1,2,0,"{
""answer"": ""1""
}"
1108,839.tif,1,0,0,"{
""chromosomes"": 1
}"
1109,84.tif,0,3,1,"{
""number"": 14
}"
1110,845.tif,1,0,0,"{
  ""value"": 1
}"
1111,849.tif,1,1,0,"{
""chrm"": ""3""
}"
1112,85.tif,0,4,11,"{ ""value"": 1 }"
1113,853.tif,3,7,0,"{
    ""chromosomes"": 1
}"
1114,854.tif,1,13,2,"```json
{""value"": 14}
```"
1115,858.tif,1,0,0,"{
    ""count"": 8,
    ""message"": """"
}"
1116,86.tif,1,0,2,"{
  ""count"": 12
}"
1117,863.tif,1,0,0,"{
  ""answer"": 12,
  ""reasoning"": ""The image contains one set of chromosomes, which consists of 14 chromosomes.""
}"
1118,869.tif,0,13,3,"{
""answer"": ""2""
}"
1119,87.tif,1,0,1,"{""chromosomes"": 1}"
1120,870.tif,0,18,2,"{
""chromosomes"": [
25
]
}"
1121,871.tif,0,5,1,[1]
1122,873.tif,0,12,7,"```json
{
  ""number"": 14
}
```"
1123,874.tif,0,7,1,"{
""answer"": ""1""
}"
1124,88.tif,0,18,34,"{
""answer"": ""1""
}"
1125,883.tif,1,0,0,"{
  ""value"": 3
}"
1126,889.tif,0,9,3,"{
""chromosomes"": ""1""
}"
1127,89.tif,0,24,35,"{
""answer"": ""1""
}"
1128,890.tif,0,4,2,"{""value"": 2}"
1129,891.tif,0,1,0,"```json
{""chromosomes"": 1}
```"
1130,892.tif,0,4,1,"{
""answer"": ""1""
}"
1131,893.tif,0,30,12,"{
  ""answer"": 1,
  ""reasoning"": ""The image contains only one chromosome, which is represented by the X-shaped structure.""
}"
1132,894.tif,0,15,2,"{
""answer"": 14,
""reasoning"": ""The image contains 14 chromosomes.""
}"
1133,895.tif,0,2,1,"{
""answer"": ""14""
}"
1134,9.tif,4,36,2,"{
""answer"": ""3""
}"
1135,90.tif,1,7,16,"{""count"": ""1""}"
1136,901.tif,0,3,0,"{
""number"": 12,
""message"": ""The chromosome count is 12.""
}"
1137,902.tif,0,3,0,"{""count"": ""1""}"
1138,903.tif,1,0,0,[1]
1139,904.tif,0,8,1,"{
""answer"": 14
}"
1140,905.tif,1,23,1,"{
""answer"": ""1""
}"
1141,906.tif,1,7,1,"{
""answer"": ""1""
}"
1142,907.tif,2,0,0,"[{""chromosomes"": ""25""}]"
1143,909.tif,1,7,0,"{
""number"": 14
}"
1144,91.tif,1,0,1,"{ ""value"": ""1"" }"
1145,910.tif,1,13,0,"{
""number"": ""1""
}"
1146,911.tif,1,0,0,"{
""answer"": ""25""
}"
1147,914.tif,0,5,0,"{
""answer"": ""1"",
""confidence"": ""99""
}"
1148,916.tif,2,4,6,"{
""answer"": ""1""
}"
1149,917.tif,1,1,1,"{
  ""answer"": ""1""
}"
1150,92.tif,0,8,13,"{
  ""answer"": 12
}"
1151,925.tif,0,4,1,"{
   ""count"": 1
}"
1152,926.tif,0,2,1,"{
  ""value"": 0
}"
1153,929.tif,0,3,3,"{
""answer"": ""1""
}"
1154,93.tif,0,12,36,"{
  ""number"": 1
}"
1155,930.tif,0,21,7,"{
  ""count"": 1
}"
1156,933.tif,0,11,3,"{
  ""chromosomes"": [
    {
      ""number"": 1,
      ""image"": [
        {
          ""position"": [189, 333],
          ""size"": 1
        },
        {
          ""position"": [190, 326],
          ""size"": 1
        }
      ]
    },
    {
      ""number"": 14,
      ""image"": [
        {
          ""position"": [189, 278],
          ""size"": 1
        }
      ]
    }
  ],
  ""ecDNA"": [
   "
1157,934.tif,0,11,2,"{
""count"": ""12""
}"
1158,938.tif,0,3,0,"{""answer"": ""1""}"
1159,94.tif,0,5,35,[1]
1160,946.tif,0,4,0,"{
""answer"": ""1""
}"
1161,948.tif,2,0,0,"{
""answer"": ""1""
}"
1162,949.tif,0,8,2,"{
""answer"": ""25""
}"
1163,950.tif,0,4,0,"{
""chrm_count"": ""1""
}"
1164,952.tif,2,0,0,"{
""chromosomes"": 14
}"
1165,953.tif,0,18,1,"[{""value"": ""1""}]"
1166,954.tif,0,15,0,"{
   ""number"": 14
}"
1167,957.tif,0,5,0,"{
    ""chromosomes"": 1
}"
1168,958.tif,0,5,0,"{
  ""answer"": 1,
  ""reason"": ""The cell image contains only one chromosome.""
}"
1169,965.tif,0,2,0,"{
""answer"": ""8""
}"
1170,969.tif,0,20,1,"{
""chromosomes"": 12,
""answer"": ""1""
}"
1171,970.tif,0,15,2,"{""value"": ""1""}"
1172,972.tif,1,0,0,"{
""answer"": ""1""
}"
1173,973.tif,0,2,0,"{
""count"": ""12""
}"
1174,974.tif,0,14,0,"{
   ""number"": 12
}"
1175,976.tif,2,0,0,"{
""chromosomes"": ""1""
}"
1176,977.tif,0,1,0,"{""answer"": ""8""}"
1177,978.tif,0,4,0,"[{""value"": 1}]"
1178,98.tif,1,0,0,"{
  ""count"": 19
}"
1179,985.tif,0,11,1,"{
""answer"": ""1""
}"
1180,988.tif,0,10,2,"{
   ""count"": 12
}"
1181,989.tif,0,21,5,"{""count"": ""1""}"
1182,99.tif,1,0,4,"{""answer"": ""1""}"
1183,990.tif,0,12,3,"{""answer"": ""1""}"
1184,992.tif,0,6,0,"{""value"": ""1""}"
1185,993.tif,0,18,3,"{
  ""chromosomes"": 1
}"
1186,994.tif,0,26,0,"{
  ""answer"": 1,
  ""reasoning"": ""The image contains only one chromosome, which is indicated by the presence of a single 'X' structure.""
}"
1187,995.tif,0,17,5,"{
    ""value"": 1
}"
1188,998.tif,0,3,0,[1]
