,image,num_nuclei,num_chromosomes,num_ecDNA,output
0,0.tif,2,1,1,"{ ""ecDNA"": 3 }"
1,1.tif,4,1,3,[5]
2,10.tif,1,6,2,5
3,1000.tif,3,4,2,"{""ecDNA"":3}"
4,1001.tif,1,0,0,[2]
5,1004.tif,1,2,3,{'ecDNA': 3}
6,1006.tif,0,2,0,[3]
7,1008.tif,0,7,2,[3]
8,1009.tif,0,21,6,"{""ecDNA"": 2}"
9,1013.tif,0,17,3,"{""ecDNA"": 3}"
10,102.tif,1,0,13,[3]
11,1025.tif,0,8,1,[1]
12,1026.tif,0,9,2,The image contains 3 ecDNA molecules.
13,1028.tif,0,3,1,[]
14,1029.tif,0,11,2,[3]
15,103.tif,1,0,6,"{""ecDNA"": 3}"
16,1030.tif,0,9,2,[2]
17,1031.tif,3,7,3,"{""ecDNA"": [{""color"": ""#628500"", ""x"": 94, ""y"": 137, ""z"": 6}, {""color"": ""#996600"", ""x"": 83, ""y"": 113, ""z"": 4}, {""color"": ""#990000"", ""x"": 172, ""y"": 111, ""z"": 5}, {""color"": ""#660000"", ""x"": 175, ""y"": 111,"
18,1033.tif,0,6,2,[]
19,1034.tif,0,15,4,5
20,1042.tif,2,0,0,"{
  ""ecDNA"": 4
}"
21,1043.tif,1,0,0,"{""count"":2}"
22,1045.tif,0,4,0,"{ ""ecDNA"": 3 }"
23,1047.tif,2,0,0,2
24,1049.tif,0,25,4,"{
""ecDNA"": 3,
""total"": 4
}"
25,1050.tif,0,16,0,[]
26,1051.tif,1,0,0,"```json
[
    [
        0,
        3,
        5,
        6,
        9,
        11,
        14,
        17,
        21,
        25,
        28,
        32
    ]
]
```"
27,1053.tif,1,7,0,"```json
{
  ""ecDNA"": 4
}
```"
28,1054.tif,1,13,2,"{""ecDNA"":6}"
29,1055.tif,2,0,0,1
30,1057.tif,2,0,0,[3]
31,1058.tif,2,0,0,[1]
32,1059.tif,1,0,0,[6]
33,1069.tif,0,9,5,"{
  ""count"": 3
}"
34,107.tif,0,4,18,[3]
35,1070.tif,1,4,4,[0]
36,1073.tif,0,17,1,"{""ecDNA"": 5}"
37,1074.tif,5,21,0,"{
    ""count"": 2
}"
38,108.tif,0,2,47,[0.76]
39,1086.tif,0,2,0,2
40,1088.tif,1,1,0,1
41,1089.tif,0,16,3,{'ecDNA': 3}
42,109.tif,0,10,62,{'total': 5}
43,1090.tif,0,25,7,"{""count"": 3}"
44,1092.tif,1,1,0,"{""ecDNA count"":2}"
45,1093.tif,0,13,14,{'ecDNA_count': 2}
46,1094.tif,0,11,17,[]
47,11.tif,2,0,0,[4]
48,110.tif,0,8,57,"{ ""count"": 3 }"
49,1100.tif,1,0,0,[5]
50,1101.tif,3,0,0,{'number': 0}
51,1102.tif,2,0,0,[3]
52,1103.tif,2,0,0,The image contains 14 ecDNA molecules. This count is obtained by counting the number of green fluorescent dots against the black background.
53,1105.tif,1,0,0,"{""ecDNA"":6}"
54,1106.tif,2,0,2,"{""ecDNA"": 5}"
55,1109.tif,0,12,3,"{""ecDNA"":3}"
56,111.tif,0,2,26,{'answer': '2'}
57,1110.tif,1,15,7,"{""ecDNA"": 5}"
58,1111.tif,0,2,4,"```json
{
  ""count"": 3
}
```"
59,1113.tif,0,8,10,0
60,1114.tif,0,25,15,"{
""count"": 3
}"
61,1115.tif,0,6,11,{}
62,1116.tif,1,0,0,[3]
63,1117.tif,1,0,0,1
64,112.tif,0,19,82,[1]
65,1125.tif,2,0,0,[5]
66,1129.tif,2,7,1,"[0.05, 0.23, 0.41, 0.64]"
67,113.tif,0,21,92,The image contains two eDNA molecules.
68,1130.tif,1,16,3,[6]
69,1131.tif,1,1,0,{'total': 5}
70,1133.tif,0,11,0,[3]
71,1134.tif,0,30,8,2
72,1135.tif,0,5,0,[3]
73,1136.tif,1,0,0,5
74,114.tif,0,15,68,There are 3 ecDNA in the image.
75,1142.tif,1,0,0,{'count': 5}
76,1143.tif,2,0,0,There are 4 ecDNA in the image.
77,1146.tif,0,0,0,[1]
78,1147.tif,1,0,0,[2]
79,1149.tif,0,1,0,{'count': 1}
80,115.tif,0,5,23,[3]
81,1150.tif,0,47,3,"{
  ""count"": 5
}"
82,1151.tif,0,2,3,"{
    ""count"": 4
}"
83,1153.tif,1,0,0,[0.7]
84,1154.tif,1,13,3,[1]
85,1158.tif,1,0,2,{'ecDNA': 2}
86,1159.tif,1,0,0,2
87,116.tif,0,6,32,"{
    ""count"": 3
}"
88,1161.tif,1,0,1,[]
89,1162.tif,1,0,0,"{
  ""count"": 6
}"
90,1169.tif,0,11,22,[1]
91,117.tif,0,8,33,[3]
92,1170.tif,0,13,20,{'ecDNA': 3}
93,1173.tif,0,14,15,0.1
94,1174.tif,0,19,27,{'ecDNA': 3}
95,1179.tif,1,0,0,[2]
96,118.tif,0,3,72,[10]
97,1180.tif,1,0,0,"{""ecDNA"": 6}"
98,1181.tif,1,0,0,0
99,1188.tif,3,0,12,[3]
100,1189.tif,1,3,10,{'ecDNA': 4}
101,119.tif,15,0,2,[2]
102,1190.tif,0,9,12,[1]
103,1192.tif,1,0,8,"{""count"":4}"
104,1193.tif,1,8,37,[1]
105,1194.tif,0,20,35,"{""ecDNA"":4}"
106,1197.tif,1,0,24,[3]
107,1198.tif,1,1,26,0
108,12.tif,1,2,3,4
109,1209.tif,0,8,0,"{ ""ecDNA"": 2 }"
110,1210.tif,0,28,4,"{
""count"": 2
}"
111,1213.tif,0,8,1,"{""count"":3}"
112,1214.tif,0,36,9,[2]
113,1225.tif,0,2,0,1
114,1226.tif,1,4,2,{'ecDNA': 5}
115,1227.tif,0,1,0,{'ecDNA': 3}
116,1228.tif,0,2,0,2
117,1229.tif,0,27,2,4
118,1230.tif,1,15,1,"The image contains ecDNA (green fluorescence). The exact number cannot be determined without additional information, but it appears to be several, as indicated by the bright green color."
119,1233.tif,0,14,4,"{""ecDNA"": 5}"
120,1234.tif,0,19,4,1
121,1235.tif,1,0,0,[1]
122,1239.tif,1,1,0,[2]
123,1248.tif,0,3,0,{'value': 5}
124,1249.tif,0,22,8,{'count': 6}
125,1250.tif,1,8,3,"{
""ecDNA"": {
""count"": 56
}
}"
126,1253.tif,0,22,8,1
127,1254.tif,0,7,5,{'answer': 4}
128,1261.tif,1,0,0,[2]
129,1262.tif,1,0,0,[3]
130,1266.tif,1,1,0,[2]
131,1267.tif,1,0,0,"{""ecDNA"": 3}"
132,1269.tif,0,24,11,5
133,1270.tif,1,28,13,"{""ecDNA"": 3}"
134,1271.tif,1,0,0,[2]
135,1273.tif,0,17,15,{'ecDNA': 2}
136,1274.tif,0,27,6,{'ecDNA': 1}
137,1289.tif,0,16,12,[4]
138,129.tif,0,14,20,"{""ecDNA"": 2}"
139,1290.tif,0,13,21,{'count': 3}
140,1293.tif,0,22,13,There is one ecDNA visible in the image.
141,1294.tif,0,15,15,{'count': 1}
142,1297.tif,1,0,0,{'count': 8}
143,13.tif,1,32,0,1
144,130.tif,0,18,34,[1]
145,1300.tif,2,0,0,[5]
146,1301.tif,1,1,0,"```json
{
  ""count"": 230
}
```"
147,1302.tif,1,0,1,[1]
148,1303.tif,1,0,1,[2]
149,1304.tif,3,0,1,[2]
150,1305.tif,1,4,23,[8]
151,1306.tif,1,0,6,[]
152,1308.tif,1,0,7,"{""ecDNA_count"":2}"
153,1309.tif,1,8,16,[4]
154,131.tif,0,5,17,"{
  ""count"": 3
}"
155,1310.tif,0,11,20,1
156,1313.tif,0,20,20,{'ecDNA': 2}
157,1314.tif,0,16,19,"{""ecDNA count"":3}"
158,1320.tif,1,0,2,{'count': 1}
159,1325.tif,0,3,4,"{""ecDNA"": 3}"
160,1326.tif,1,1,2,[3]
161,1327.tif,1,0,0,[]
162,1328.tif,2,0,2,[1]
163,1329.tif,0,24,15,"{""ecDNA_count"":1}"
164,133.tif,0,18,26,"{""ecDNA"": 4}"
165,1330.tif,0,19,19,[5]
166,1332.tif,4,0,2,[3]
167,1333.tif,6,19,15,[0]
168,1334.tif,0,5,7,"{
  ""ecDNA"": 6
}"
169,1336.tif,5,1,0,[6]
170,1337.tif,2,0,4,{'ecDNA': 4}
171,134.tif,0,15,20,3
172,1341.tif,1,0,0,[1]
173,1342.tif,1,0,0,"{""count"": 10}"
174,1345.tif,2,0,3,"{
  ""ecDNA"": 10
}"
175,1346.tif,1,0,0,0
176,1349.tif,0,24,20,"{""ecDNA"": 3}"
177,135.tif,0,8,24,"{""ecDNA_count"": 3}"
178,1350.tif,0,17,33,"{
  ""ecDNA"": {
    ""total_count"": 6,
    ""percent"": 0.06428513668580297
  }
}"
179,1352.tif,6,0,5,2
180,1353.tif,0,22,22,[4]
181,1354.tif,0,18,23,[2]
182,1369.tif,2,23,11,"{
  ""count"": 56
}"
183,137.tif,0,1,3,0
184,1370.tif,0,3,1,{'count': '3'}
185,1373.tif,0,35,14,"{""ecDNA"":5}"
186,1374.tif,0,16,6,{'count': 3}
187,1376.tif,1,0,0,[2]
188,1377.tif,1,0,0,"{
  ""ecDNA"": 3
}"
189,138.tif,0,3,7,The cell image contains 0 ecDNA.
190,1380.tif,1,0,0,4
191,1381.tif,1,0,0,[10]
192,1389.tif,0,30,5,[1]
193,1390.tif,0,21,11,"{""ecDNA"": 0}"
194,1393.tif,0,15,6,"{""count"": 7}"
195,1394.tif,0,15,9,2
196,14.tif,0,8,0,"{""ecDNA"": 4}"
197,1405.tif,0,7,12,"{""ecDNA count"": 8}"
198,1406.tif,0,8,7,"[{""ecDNA"":3}]"
199,1408.tif,0,1,12,{'count': '2'}
200,1409.tif,0,18,11,"{""ecDNA"": 3}"
201,1410.tif,0,23,17,[10]
202,1411.tif,0,7,4,{'ecDNA': 3}
203,1413.tif,0,14,10,1
204,1414.tif,0,13,19,"```json
{
  ""count"": 3
}
```"
205,1415.tif,0,3,2,{'ecDNA': 0}
206,1425.tif,0,8,2,"```json
{""ecDNA"": 4}
```"
207,1426.tif,0,3,4,"{ ""ecDNA"": 3 }"
208,1428.tif,0,2,2,[2]
209,1429.tif,0,29,47,"{ ""ecDNA"": 4 }"
210,1430.tif,0,23,36,"{""ecDNA"":1}"
211,1433.tif,0,10,13,[2]
212,1434.tif,0,8,14,"{""ecDNA_count"":3}"
213,1444.tif,0,1,0,5
214,1445.tif,0,2,0,"{
""ecDNA"": 5
}"
215,1446.tif,0,1,1,[6]
216,1448.tif,0,6,0,3
217,1449.tif,0,16,4,3
218,145.tif,0,10,30,[5]
219,1450.tif,0,32,5,"{
""ecDNA"": 2,
""total_count"": 3,
""percentage"": 66.67,
""positive_cells"": 0,
""negative_cells"": 2,
""count_ratio"": 0
}"
220,1451.tif,0,9,1,{'count': 1}
221,1453.tif,0,13,1,"{""count"":5}"
222,1454.tif,0,11,1,"{
""ecDNA"": 5
}"
223,146.tif,0,6,26,"{""ecDNA"": 2}"
224,1460.tif,1,0,0,"{""count"": 1}"
225,1465.tif,0,8,5,"{""ecDNA"":4}"
226,1468.tif,0,15,3,[1]
227,1469.tif,0,30,18,[6]
228,1470.tif,0,11,11,"{""ecDNA"":5}"
229,1473.tif,0,16,15,"{
  ""count"": 2,
  ""location"": {
    ""x"": 0.5478369999999999,
    ""y"": 0.4695416666666667,
    ""width"": 0.007483333333333333,
    ""height"": 0.02783666666666667
  }
}"
230,1474.tif,0,6,15,[5]
231,148.tif,0,6,30,[3]
232,1480.tif,1,0,0,"{""ecDNA"": 2}"
233,1484.tif,1,0,0,"{""ecDNA_count"": 2}"
234,1485.tif,0,2,8,"{
""ecDNA"": 3
}"
235,1489.tif,0,35,55,[1]
236,149.tif,0,30,81,[0]
237,1490.tif,0,14,18,{'count': 4}
238,1492.tif,0,1,0,{'count': 3}
239,1493.tif,0,28,22,[2]
240,1494.tif,0,13,10,"{""ecDNA"": 4}"
241,15.tif,5,2,1,[8]
242,150.tif,0,15,61,[6]
243,1508.tif,1,1,2,"{""ecDNA"": 4}"
244,1509.tif,0,8,13,3
245,151.tif,0,7,37,[3]
246,1512.tif,0,13,19,"{ ""ecDNA"": 5 }"
247,1513.tif,0,44,33,[2]
248,1514.tif,0,5,15,{'ecDNA_count': 4}
249,152.tif,0,9,29,[1]
250,153.tif,0,17,55,"{""ecDNA"": 4}"
251,1532.tif,1,0,3,5
252,1533.tif,1,0,14,"{
  ""count"": 3
}"
253,1534.tif,0,12,32,[2]
254,1536.tif,1,0,0,1
255,1537.tif,0,13,21,"{
  ""count"": 4
}"
256,1538.tif,16,16,25,[]
257,154.tif,0,20,62,{'ecDNA': 6}
258,1543.tif,1,0,0,"{
  ""value"": 2,
  ""unit"": ""per 1000 cells""
}"
259,1549.tif,0,11,13,"{ ""count"":3 }"
260,155.tif,0,7,13,"{""ecDNA"":3}"
261,1550.tif,0,7,14,[5]
262,1552.tif,0,2,1,0
263,1553.tif,0,34,45,"{""ecDNA"": 3}"
264,1554.tif,0,29,32,"{
  ""ecDNA"": 10
}"
265,1557.tif,0,5,9,{'count': 3}
266,1558.tif,0,8,6,"{""ecDNA"":4}"
267,1562.tif,1,0,0,[5]
268,1569.tif,0,14,28,"{
""ecDNA"": 4
}"
269,157.tif,0,3,28,[8]
270,1570.tif,0,8,16,[0]
271,1573.tif,0,21,42,[3]
272,1574.tif,0,9,11,5
273,1588.tif,0,2,0,{'count': 4}
274,1589.tif,0,25,14,[5]
275,1590.tif,0,23,18,"{ ""ecDNA"": 3 }"
276,1592.tif,0,6,1,0
277,1593.tif,0,31,18,[4]
278,1594.tif,1,22,24,{'ecDNA': 6}
279,1595.tif,15,0,5,[3]
280,1597.tif,0,1,4,"```json
{
  ""count"": 20
}
```"
281,1598.tif,1,3,0,"{""ecDNA_count"":3}"
282,1599.tif,1,0,0,[1]
283,16.tif,4,8,6,"{""ecDNA"": 3}"
284,1605.tif,0,3,0,"{""ecDNA"":1}"
285,1606.tif,0,3,0,{'ecDNA': 1}
286,1609.tif,0,40,11,[2]
287,1610.tif,0,20,1,[1]
288,1613.tif,0,15,1,[5]
289,1614.tif,0,17,2,{'ecDNA': '5'}
290,162.tif,0,2,2,[5]
291,1626.tif,1,0,2,[1]
292,1627.tif,2,0,0,[3]
293,1628.tif,2,0,0,"{
  ""count"": 5
}"
294,1629.tif,0,28,42,"{ ""count"": 3 }"
295,1630.tif,1,23,22,0
296,1631.tif,1,0,1,"{ ""ecDNA"": 3 }"
297,1633.tif,0,27,32,2
298,1634.tif,0,22,31,{'count': '10'}
299,1637.tif,0,7,10,5
300,1638.tif,0,3,2,5
301,1645.tif,0,2,2,[2]
302,1648.tif,0,2,1,"{""ecDNA"":6}"
303,1649.tif,0,56,14,0
304,165.tif,0,7,18,{'ecDNA': 3}
305,1650.tif,0,11,1,[]
306,1653.tif,0,11,6,[3]
307,166.tif,0,27,65,{'count': 4}
308,1661.tif,1,2,0,{'count': 1}
309,1662.tif,2,2,0,"{
    ""count"": 5
}"
310,1665.tif,1,0,0,"{""ecDNA"": 4}"
311,1666.tif,3,1,1,[3]
312,1669.tif,0,19,13,There are 3 ecDNA in the image.
313,167.tif,0,30,42,[3]
314,1670.tif,1,41,36,"{""ecDNA"":3}"
315,1671.tif,4,15,11,[1]
316,1673.tif,0,6,10,[6]
317,1674.tif,1,24,13,"{""ecDNA_count"":3}"
318,1675.tif,1,2,0,{'value': 3}
319,168.tif,0,16,7,"{""ecDNA"": 1}"
320,1681.tif,0,3,0,{'count': 4}
321,1686.tif,0,5,1,[3]
322,1689.tif,1,3,1,[1]
323,169.tif,0,23,24,[4]
324,1690.tif,0,36,7,[3]
325,1691.tif,0,8,2,5
326,1693.tif,1,0,0,"{""ecDNA"": 13}"
327,1694.tif,0,15,11,[6]
328,1695.tif,0,15,3,[2]
329,17.tif,1,0,0,"{""ecDNA_count"":3}"
330,170.tif,0,18,49,"{
  ""count"": 6
}"
331,1705.tif,0,2,0,[0]
332,1706.tif,0,2,1,[3]
333,1709.tif,0,18,3,[2]
334,171.tif,2,11,11,{'ecDNA': '3'}
335,1710.tif,0,32,5,{'count': 10}
336,1711.tif,0,1,2,{'count': 1}
337,1713.tif,0,12,5,2
338,1714.tif,0,12,5,[4]
339,172.tif,0,6,6,[10]
340,1720.tif,2,1,0,"{""ecDNA"": 2}"
341,1721.tif,1,0,0,"{ ""count"": 4 }"
342,1722.tif,0,3,6,{'ecDNA_count': 3}
343,1724.tif,2,0,2,"{""ecDNA"":1}"
344,1725.tif,1,1,3,[2]
345,1726.tif,1,7,1,{'ecDNA': 2}
346,1727.tif,1,1,2,[10]
347,1728.tif,1,0,0,[3]
348,1729.tif,3,17,9,[3]
349,173.tif,0,35,29,[10]
350,1730.tif,0,41,16,0
351,1731.tif,0,4,10,[4]
352,1732.tif,1,5,7,"{
  ""count"": 6
}"
353,1733.tif,2,1,1,[1]
354,1734.tif,1,15,5,3
355,1735.tif,0,2,11,[1]
356,1736.tif,1,0,0,5
357,1737.tif,3,0,0,"{
  ""ecDNA"": 3
}"
358,1738.tif,1,0,1,[6]
359,1739.tif,0,1,9,"{""ecDNA"":4}"
360,174.tif,1,11,25,"{""ecDNA"":1}"
361,1740.tif,1,0,2,[]
362,1744.tif,1,0,0,[6]
363,1745.tif,1,0,3,"{""ecDNA"": 3}"
364,1749.tif,1,12,3,"{""ecDNA_count"":3}"
365,175.tif,1,0,0,{'count': 5}
366,1750.tif,0,38,24,[6]
367,1751.tif,0,4,1,[3]
368,1753.tif,0,5,5,{'count': 1}
369,1754.tif,0,26,12,[3]
370,1755.tif,5,10,12,[3]
371,1758.tif,1,1,1,"{""ecDNA"": 4}"
372,1759.tif,2,0,3,"{""ecDNA"": 1}"
373,1760.tif,1,0,0,"{'ecDNA': [{'ecDNA': 3, 'position': {'x': 7, 'y': 9}}, {'ecDNA': 4, 'position': {'x': 15, 'y': 8}}], 'count': 2}"
374,1764.tif,1,0,0,{'ecDNA': {'count': 8}}
375,1765.tif,1,0,0,[1]
376,1766.tif,1,0,0,{'ecDNA': 5}
377,1768.tif,3,0,0,"{
  ""count"": 3
}"
378,1769.tif,2,5,2,"{
""ecDNA"": 3
}"
379,1770.tif,1,51,26,{'ecDNA': 1}
380,1771.tif,2,2,2,[5]
381,1772.tif,2,0,0,3
382,1773.tif,1,4,0,[6]
383,1774.tif,0,42,12,"{ ""ecDNA"": 6 }"
384,1775.tif,1,0,0,[8]
385,1776.tif,1,0,0,[4]
386,1779.tif,1,0,0,[1]
387,1785.tif,0,2,1,"{""ecDNA count"": 4}"
388,1786.tif,0,4,7,1
389,1789.tif,0,30,8,"{""ecDNA"":5}"
390,1790.tif,2,22,32,The image contains 3 ecDNA.
391,1791.tif,1,0,0,"{
  ""count"": 3,
  ""size"": 30,
  ""percentage"": 58.94740115266265
}"
392,1793.tif,0,15,5,"{""ecDNA"":3}"
393,1794.tif,0,17,5,[4]
394,1796.tif,1,0,1,[0]
395,1797.tif,1,0,0,"{
  ""count"": 3
}"
396,18.tif,3,0,0,4
397,1809.tif,0,36,18,1
398,1810.tif,0,28,17,[3]
399,1813.tif,0,16,5,4
400,1814.tif,0,7,14,"{""ecDNA"": 3}"
401,1822.tif,1,5,7,2
402,1823.tif,1,0,0,0.385
403,1825.tif,1,0,0,5
404,1826.tif,0,6,2,"{""ecDNA"": 3}"
405,1827.tif,0,3,0,[4]
406,1829.tif,1,17,3,[6]
407,1830.tif,0,26,4,"{""ecDNA"": 10}"
408,1831.tif,1,0,2,[10]
409,1833.tif,0,19,2,[1]
410,1834.tif,0,17,0,[5]
411,1835.tif,1,0,0,[3]
412,1836.tif,2,0,3,[0.08]
413,1837.tif,1,1,0,{'ecDNA': 3}
414,1840.tif,1,0,0,[3]
415,1841.tif,1,1,0,5
416,1845.tif,0,10,2,"{ ""ecDNA"": 4 }"
417,1846.tif,0,7,4,0
418,1848.tif,0,1,1,{'count': 5}
419,1849.tif,0,27,11,"{ ""ecDNA"": 3 }"
420,185.tif,0,9,26,[1]
421,1850.tif,0,30,9,[0.065]
422,1853.tif,0,7,5,"{
""ecDNA"": 2
}"
423,1854.tif,0,7,8,[4]
424,1858.tif,1,0,0,2
425,186.tif,0,11,30,4
426,1865.tif,0,5,8,"{
    ""count"": 3
}"
427,1868.tif,0,7,1,"{""ecDNA"": 3}"
428,1869.tif,0,30,21,[]
429,187.tif,1,0,2,"```json
{
  ""ecDNA"": 4
}
```"
430,1870.tif,0,14,14,"{ ""ecDNA"": 4 }"
431,1872.tif,0,4,1,"{
  ""count"": 2
}"
432,1873.tif,0,14,5,{'count': 3}
433,1874.tif,0,7,5,5
434,1875.tif,1,0,1,[]
435,1877.tif,1,0,0,0
436,1879.tif,1,0,1,"{ ""ecDNA"": 5 }"
437,188.tif,0,18,40,"{""count"":5}"
438,1886.tif,0,3,0,"{""ecDNA"": 4}"
439,1888.tif,1,0,0,There are approximately 3000 ecDNA in the image.
440,1889.tif,0,8,5,{'count': 3}
441,189.tif,0,25,96,"{""ecDNA"": ""1""}"
442,1890.tif,0,30,0,[1]
443,1891.tif,0,6,1,"{ ""ecDNA"": 5 }"
444,1893.tif,0,9,2,[3]
445,1894.tif,1,17,1,[4]
446,1895.tif,1,1,0,{'count': '4'}
447,1898.tif,2,0,0,[1]
448,1899.tif,2,0,0,[6]
449,19.tif,5,0,0,"{""count"":3}"
450,190.tif,0,28,88,The image contains 25 ecDNA.
451,1901.tif,1,0,0,"{
    ""count"": 3
}"
452,1902.tif,1,0,0,[]
453,1909.tif,0,23,6,"{ ""ecDNA"": 4 }"
454,191.tif,1,4,33,[3]
455,1910.tif,0,20,12,"{
  ""count"": 3
}"
456,1911.tif,0,0,0,"{""ecDNA"":3}"
457,1913.tif,0,19,14,{'count': 5}
458,1914.tif,0,35,10,[4]
459,1915.tif,1,0,0,"{
  ""ecDNA"": 3
}"
460,1919.tif,1,0,0,[1]
461,192.tif,0,34,56,1
462,1922.tif,1,0,0,There are 3 ecDNA molecules present in the image.
463,1923.tif,1,0,0,"{ ""ecDNA"": 3 }"
464,1927.tif,1,0,0,"{""ecDNA"":3}"
465,1929.tif,0,31,5,[3]
466,193.tif,0,22,117,"{""ecDNA"": 3}"
467,1930.tif,10,42,5,[1]
468,1933.tif,0,10,3,{'count': 8}
469,1934.tif,0,14,1,"{
  ""count"": 3
}"
470,194.tif,0,37,103,"{""ecDNA"": 4}"
471,1949.tif,0,11,9,"{""ecDNA"": 4}"
472,195.tif,0,40,63,{'count': 3}
473,1950.tif,0,28,17,{'count': 2}
474,1951.tif,3,0,0,"{
  ""ecDNA"": 4
}"
475,1953.tif,0,0,5,{'count': '3'}
476,1954.tif,0,10,7,[6]
477,1955.tif,1,0,0,1
478,196.tif,0,11,21,[3]
479,1969.tif,0,15,14,{'ecDNA': 3}
480,197.tif,0,19,56,{'count': 4}
481,1970.tif,0,14,8,2
482,1973.tif,0,20,5,{'count': 4}
483,1974.tif,0,23,10,There are 3 ecDNA in the image.
484,198.tif,0,38,89,"There are several green dots in the image, indicating multiple ecDNA molecules."
485,1982.tif,1,0,0,[3]
486,1983.tif,2,0,2,[1]
487,1985.tif,1,0,2,1
488,1986.tif,1,0,3,1
489,1987.tif,2,0,1,[]
490,1988.tif,1,1,2,[2]
491,199.tif,0,17,42,5
492,1990.tif,0,29,14,[2]
493,1991.tif,0,12,4,[2]
494,1992.tif,1,0,2,"{""ecDNA"": 2}"
495,1994.tif,0,12,8,[3]
496,1995.tif,0,8,3,[5]
497,2.tif,4,0,0,"{""count"":1}"
498,2006.tif,0,3,2,0
499,2009.tif,0,25,24,2
500,201.tif,1,1,1,0
501,2010.tif,0,34,62,"{
  ""count"": 2
}"
502,2013.tif,0,7,8,"{""ecDNA"": ""3""}"
503,2014.tif,0,15,25,[1]
504,202.tif,1,0,0,[]
505,2021.tif,1,0,0,[11]
506,2022.tif,2,1,6,"{
  ""ecDNA"": 3
}"
507,2029.tif,0,5,7,2
508,203.tif,1,0,0,"{""ecDNA"":3}"
509,2030.tif,0,23,18,0
510,2031.tif,1,0,1,1
511,2033.tif,0,6,1,"{ ""ecDNA"": 3 }"
512,2034.tif,0,40,12,{'ecDNA': 4}
513,2035.tif,1,1,2,{'number': 5}
514,2040.tif,1,0,0,"{ ""ecDNA"": 4 }"
515,2041.tif,3,0,0,[0]
516,2042.tif,3,0,0,[]
517,2045.tif,1,0,0,[]
518,2046.tif,2,0,5,1
519,2047.tif,2,0,0,2
520,2049.tif,0,16,24,{'ecDNA': 2}
521,205.tif,2,4,1,[2]
522,2050.tif,0,36,51,"{""ecDNA count"":1}"
523,2051.tif,1,3,9,[3]
524,2053.tif,0,8,20,"{ ""ecDNA"": 5 }"
525,2054.tif,1,19,55,"{""ecDNA_count"":4}"
526,2055.tif,1,1,3,[]
527,206.tif,1,2,14,0
528,2063.tif,1,0,0,{'ecDNA': 3}
529,2065.tif,0,12,5,{'ecDNA': 4}
530,2068.tif,0,3,1,"```json
[3]
```"
531,2069.tif,0,44,26,[3]
532,207.tif,1,1,4,[6]
533,2070.tif,0,5,1,[10]
534,2072.tif,0,1,0,{'ecDNA': 5}
535,2073.tif,0,9,5,[4]
536,208.tif,0,11,25,1
537,2089.tif,1,5,0,5
538,209.tif,0,38,68,{'ecDNA': 4}
539,2090.tif,1,1,1,"{""ecDNA_count"":3}"
540,2093.tif,0,20,5,"{""ecDNA"":3}"
541,2094.tif,0,7,5,{'count': 5}
542,210.tif,0,18,80,"{""ecDNA"": [{""blue"":2, ""green"":1}]}"
543,2102.tif,1,0,0,2
544,2103.tif,1,0,0,[408]
545,2105.tif,1,0,0,[1]
546,2106.tif,1,10,12,"{""ecDNA"":4}"
547,2108.tif,1,1,4,The image contains two ecDNA in green color.
548,2109.tif,0,49,68,[0]
549,211.tif,0,11,34,5
550,2110.tif,0,25,32,"There are multiple ecDNA in the image, not just one."
551,2112.tif,2,0,3,{'count': 3}
552,2113.tif,0,5,7,{'ecDNA': 4}
553,2114.tif,0,2,4,5
554,2118.tif,1,0,0,"{""ecDNA"": 4}"
555,2119.tif,1,0,0,[3]
556,212.tif,0,11,22,"{""ecDNA"":3}"
557,2126.tif,1,0,5,"{
  ""ecDNA"": 3
}"
558,2127.tif,1,0,1,[4]
559,2129.tif,0,29,23,1
560,213.tif,0,23,32,[4]
561,2130.tif,8,2,14,There are 3 ecDNA in the image.
562,2131.tif,1,0,1,"{""count"":5}"
563,2133.tif,0,19,15,"{""ecDNA"": 1}"
564,2134.tif,2,9,18,{'count': 3}
565,2135.tif,2,0,4,[3]
566,2138.tif,1,0,1,"[{""value"":6}]"
567,2139.tif,1,0,0,[5]
568,214.tif,0,77,72,[2]
569,2144.tif,3,3,0,"{
  ""ecDNA"": 3
}"
570,2148.tif,6,0,6,[8]
571,2149.tif,0,10,3,[0]
572,215.tif,0,21,63,[4]
573,2150.tif,0,16,9,[5]
574,2151.tif,0,6,4,[6]
575,2153.tif,0,5,9,5
576,2154.tif,0,32,15,"{""ecDNA"":5}"
577,2155.tif,0,20,9,[1]
578,2157.tif,0,13,7,[4]
579,2161.tif,1,0,0,[0]
580,2165.tif,2,2,4,{'ecDNA_count': 4}
581,2169.tif,1,1,12,[2]
582,2170.tif,0,35,7,2
583,2171.tif,3,0,4,5
584,2174.tif,0,3,0,[0.05]
585,2175.tif,7,1,3,"{ ""ecDNA"": 0 }"
586,2178.tif,1,0,0,The image shows a total of 4 ecDNA.
587,2179.tif,1,1,0,[0]
588,218.tif,1,3,6,2
589,2188.tif,0,2,1,[2]
590,2189.tif,0,25,29,"{""count"": 3}"
591,2190.tif,0,4,10,{'count': 3}
592,2191.tif,0,1,2,{'ecDNA': 5}
593,2192.tif,0,1,1,[0]
594,2193.tif,0,13,12,"{""ecDNA"": 3}"
595,2194.tif,0,5,7,5
596,22.tif,1,0,0,There are two ecDNA in the image.
597,2208.tif,1,0,0,[3]
598,2209.tif,1,13,4,"{""count"":3}"
599,2210.tif,0,13,6,5
600,2213.tif,0,27,7,"{'ecDNA': [{'bbox': [0.43, 0.38, 0.53, 0.47], 'ecDNACount': 1}, {'bbox': [0.6, 0.37, 0.69, 0.47], 'ecDNACount': 1}]}"
601,2214.tif,0,28,10,[5]
602,2215.tif,0,3,3,"{
  ""count"": 3
}"
603,2226.tif,1,2,6,There are approximately 20000 ecDNA in the image.
604,2229.tif,2,8,1,[3]
605,2230.tif,6,10,14,2
606,2231.tif,1,0,0,[0]
607,2232.tif,0,0,1,[3]
608,2233.tif,0,9,2,{'count': 2}
609,2234.tif,0,30,19,[1]
610,2235.tif,1,16,8,{}
611,2236.tif,1,0,0,"{ ""ecDNA"": 4 }"
612,2244.tif,1,0,0,0
613,2245.tif,1,5,1,0
614,2246.tif,0,4,0,"{""ecDNA"": 0}"
615,2248.tif,1,0,0,{'ecDNA': 1}
616,2249.tif,1,39,16,"{""ecDNA"": 0}"
617,225.tif,0,15,25,[3]
618,2250.tif,0,28,8,[0.7]
619,2251.tif,0,2,1,2
620,2253.tif,0,4,3,[3]
621,2254.tif,0,6,7,"{""ecDNA_count"": 4}"
622,2259.tif,0,1,0,0
623,226.tif,0,6,29,[3]
624,2260.tif,1,0,0,"{
    ""count"": 2
}"
625,2261.tif,1,0,0,{}
626,2264.tif,1,0,0,[1]
627,2265.tif,1,0,0,[]
628,2269.tif,0,4,1,[6]
629,2270.tif,7,35,7,"{ ""ecDNA"": 6 }"
630,2274.tif,10,26,8,[3]
631,228.tif,0,7,7,[2]
632,2284.tif,1,0,0,[1]
633,2285.tif,2,0,0,[3]
634,2288.tif,1,8,1,{'count': '1'}
635,2289.tif,1,22,20,"{ ""count"": 5 }"
636,229.tif,0,16,38,[5]
637,2290.tif,6,33,9,"{
  ""count"": 5
}"
638,2291.tif,1,0,0,2
639,2292.tif,7,1,20,"{
  ""count"": 50
}"
640,2293.tif,0,8,1,[3]
641,2294.tif,0,14,2,[1]
642,2295.tif,0,1,0,"{""count"":5}"
643,2296.tif,2,0,1,"{""ecDNA"": [{""position"": [4076, 232], ""color"": [255, 0, 0]}]}"
644,2297.tif,1,6,1,4
645,23.tif,1,0,0,"{""ecDNA"": 3}"
646,230.tif,0,17,30,[0]
647,2302.tif,1,0,0,[11]
648,2303.tif,1,0,0,[]
649,2309.tif,0,5,8,2
650,231.tif,0,4,15,"```json
{""ecDNA"":3}
```"
651,2310.tif,0,8,7,[3]
652,2313.tif,0,22,33,{'count': 6}
653,2314.tif,0,25,21,[1]
654,2317.tif,0,4,12,5
655,2318.tif,0,5,5,[2]
656,232.tif,0,4,9,"{""ecDNA"":0}"
657,2320.tif,1,0,0,The image shows two green dots representing ecDNA.
658,2321.tif,2,1,0,[1]
659,2322.tif,1,3,1,"{""ecDNA"":4}"
660,2323.tif,1,1,0,"{""ecDNA"":1}"
661,2324.tif,1,0,0,[3]
662,2325.tif,1,0,0,"```json
{
  ""ecDNA"": 3
}
```"
663,2326.tif,1,0,0,[]
664,2328.tif,3,4,0,"{""count"":6}"
665,2329.tif,1,11,0,[3]
666,233.tif,0,14,30,[0.007]
667,2330.tif,0,19,3,[6]
668,2331.tif,0,6,2,"{""ecDNA"": 4}"
669,2332.tif,1,8,0,[110]
670,2333.tif,1,23,2,3
671,2334.tif,1,0,0,[3]
672,2335.tif,1,0,0,"{
  ""ecDNA"": 5
}"
673,2337.tif,1,2,0,0
674,2338.tif,1,0,0,[2]
675,2339.tif,1,0,0,"{ ""ecDNA"": 0 }"
676,234.tif,0,14,24,"{
  ""count"": 3
}"
677,2340.tif,5,0,1,[3]
678,2341.tif,1,0,0,{'count': 3}
679,2342.tif,1,0,0,"{""ecDNA"": 0}"
680,235.tif,0,9,25,[]
681,236.tif,2,2,32,0
682,237.tif,0,2,17,[0]
683,238.tif,0,4,18,[2]
684,242.tif,0,6,12,{'ecDNA': 3}
685,243.tif,0,2,5,[]
686,245.tif,28,0,16,[]
687,246.tif,6,4,71,[2]
688,247.tif,0,12,64,"{
  ""count"": 3,
  ""ecDNA"": {
    ""color"": ""green""
  }
}"
689,248.tif,0,24,60,[1]
690,249.tif,12,6,13,[1]
691,250.tif,2,5,65,"{
  ""count"": 3
}"
692,251.tif,0,24,85,[6]
693,252.tif,0,22,120,{'ecDNA': 3}
694,253.tif,6,22,116,[0]
695,254.tif,2,17,154,[3]
696,255.tif,0,13,86,[8]
697,257.tif,11,6,127,0
698,258.tif,0,1,78,"{ ""ecDNA"": 3 }"
699,259.tif,0,3,24,[2]
700,260.tif,0,2,5,"{""ecDNA"":3}"
701,262.tif,0,2,7,0
702,263.tif,0,13,34,[0]
703,266.tif,0,15,22,{'ecDNA': 4}
704,267.tif,0,35,37,1
705,268.tif,0,11,49,[3]
706,269.tif,0,13,110,"{""ecDNA"":3}"
707,270.tif,0,6,25,[3]
708,271.tif,0,15,26,[1]
709,272.tif,0,21,86,"{""count"": 4}"
710,273.tif,0,26,156,"{""ecDNA"": 0}"
711,274.tif,0,10,68,"{""ecDNA"":3}"
712,276.tif,0,4,18,2
713,277.tif,0,13,51,"{ ""ecDNA"": 3 }"
714,289.tif,0,26,17,[4]
715,29.tif,0,9,0,1
716,290.tif,0,13,16,[1000]
717,293.tif,0,27,10,[3]
718,294.tif,0,11,20,[6]
719,295.tif,0,7,11,1
720,297.tif,0,2,1,[3]
721,298.tif,0,7,5,[1]
722,3.tif,2,0,0,[5]
723,309.tif,0,18,28,{'ecDNA': 1}
724,310.tif,0,9,22,{'total': 7}
725,311.tif,0,3,10,{'ecDNA': 5}
726,313.tif,0,20,22,"{
  ""total"": 70
}"
727,314.tif,0,18,30,"```json
{""ecDNA"": 2}
```"
728,315.tif,0,7,11,"{'ecDNA': [{'coordinates': [307.459, 43.684], 'color': ['green']}]}"
729,32.tif,0,16,0,2
730,325.tif,0,3,0,"{
  ""total"": 3,
  ""ecDNA_in"": {
    ""total"": 3,
    ""green"": {
      ""amount"": ""0.009"",
      ""number"": ""0.0009""
    },
    ""yellow"": {
      ""amount"": ""0.007"",
      ""number"": ""0.0007""
    },
    ""red"": {
      ""amount"": ""0.011"",
      ""number"": ""0.0008""
    }
  }
}"
731,326.tif,0,3,6,[5]
732,328.tif,0,4,0,3
733,329.tif,0,17,26,0
734,33.tif,0,45,2,[2]
735,330.tif,0,11,27,{'ecDNA': 4}
736,331.tif,0,8,15,4
737,333.tif,0,15,11,2
738,334.tif,0,21,33,{'ecDNA': 6}
739,335.tif,0,7,10,[4]
740,343.tif,1,0,0,[0]
741,344.tif,0,12,1,[3]
742,345.tif,0,58,37,{'ecDNA': 6}
743,346.tif,0,40,51,0
744,347.tif,1,2,6,{'ecDNA': 3}
745,348.tif,0,14,28,"{""ecDNA_count"":3}"
746,349.tif,0,30,80,{'total': '3'}
747,350.tif,0,11,68,[1]
748,352.tif,0,13,17,{'count': 5}
749,353.tif,0,32,75,{'ecDNA_count': 3}
750,354.tif,0,15,57,"```json
{
    ""count"": 7
}
```"
751,357.tif,0,3,6,[0]
752,36.tif,4,1,0,[2]
753,368.tif,1,0,0,The image contains 5 ecDNA.
754,369.tif,0,15,11,{'total': '10'}
755,37.tif,2,18,5,[1]
756,370.tif,0,14,18,[2]
757,371.tif,0,4,6,{'count': 3}
758,372.tif,1,0,0,[8]
759,373.tif,0,21,10,2
760,374.tif,0,23,17,"{
  ""count"": 0
}"
761,375.tif,0,3,3,"```json
{
  ""number"": 5
}
```"
762,378.tif,0,4,3,"{""ecDNA"": 4}"
763,385.tif,0,4,8,[15]
764,388.tif,0,11,12,{'count': 6}
765,389.tif,0,32,46,"{""ecDNA"":2}"
766,390.tif,0,26,72,{'count': 3}
767,391.tif,0,8,34,[2]
768,392.tif,0,19,20,5
769,393.tif,0,14,23,[1]
770,394.tif,0,26,78,[2]
771,395.tif,0,18,43,2
772,398.tif,0,13,36,"{""count"": 3}"
773,399.tif,0,2,12,[2]
774,4.tif,3,1,0,"{ ""ecDNA"": 3 }"
775,40.tif,2,0,0,"{""ecDNA"": 15}"
776,409.tif,0,11,32,{'count': '3'}
777,41.tif,1,1,0,0
778,410.tif,0,16,34,"{ ""ecDNA"": 1 }"
779,411.tif,0,3,24,"{""ecDNA"": 4}"
780,413.tif,0,22,38,2
781,414.tif,0,23,58,[3]
782,428.tif,0,3,6,[0]
783,429.tif,0,29,38,[5]
784,430.tif,0,4,12,[5]
785,432.tif,2,3,2,[0.7]
786,433.tif,0,24,50,"{""ecDNA"": 5}"
787,434.tif,1,10,23,[]
788,435.tif,0,4,6,"{""ecDNA"":10}"
789,437.tif,0,6,4,[8]
790,438.tif,0,4,3,2
791,439.tif,0,2,2,"{
    ""ecDNA"": 3
}"
792,44.tif,1,0,0,"{
  ""count"": 3
}"
793,440.tif,0,1,10,{'ecDNA': 3}
794,442.tif,0,3,11,{'count': 3}
795,443.tif,0,20,24,[3]
796,446.tif,0,12,27,"{""ecDNA"": 5}"
797,447.tif,0,31,33,5
798,448.tif,0,11,61,[1]
799,449.tif,0,19,121,3
800,45.tif,1,4,2,"{
""ecDNA"": 3,
""count"": ""3""
}"
801,450.tif,1,3,60,[6]
802,451.tif,0,11,21,[3]
803,452.tif,0,11,61,0
804,453.tif,0,25,154,3
805,454.tif,0,13,98,[8]
806,457.tif,0,8,26,[4]
807,468.tif,0,8,16,"{ ""ecDNA"": 0 }"
808,469.tif,0,16,33,[4]
809,470.tif,0,2,5,[3]
810,472.tif,0,13,37,{'ecDNA': 4}
811,473.tif,0,34,52,1
812,474.tif,0,9,17,[4]
813,476.tif,0,3,9,[2]
814,477.tif,0,11,17,"```json
{
    ""number"": 3
}
```"
815,478.tif,1,3,3,1
816,479.tif,5,0,15,5
817,485.tif,0,4,20,"{
  ""ecDNA"": 3
}"
818,486.tif,0,9,17,"{""count"":3}"
819,487.tif,0,3,1,"{""ecDNA"":0}"
820,488.tif,0,2,6,{'count': 3}
821,489.tif,0,29,88,1
822,49.tif,0,39,2,[4]
823,490.tif,0,21,58,[2]
824,491.tif,0,7,31,"{ ""ecDNA"": 0.5 }"
825,492.tif,0,10,14,0
826,493.tif,0,32,98,5
827,494.tif,0,38,88,"{ ""ecDNA"":3 }"
828,495.tif,11,0,5,{'ecDNA': 3}
829,496.tif,0,6,7,{'ecDNA': 4}
830,497.tif,0,23,40,"{
  ""count"": 3
}"
831,498.tif,1,1,17,[1]
832,499.tif,1,0,11,[2]
833,5.tif,2,9,1,[0]
834,50.tif,0,34,4,[8]
835,500.tif,0,15,15,"{""ecDNA"":1}"
836,501.tif,0,20,33,[]
837,502.tif,0,11,17,[]
838,504.tif,0,12,17,[3]
839,505.tif,0,16,25,"{""ecDNA"":3}"
840,506.tif,0,8,18,[0]
841,508.tif,0,1,1,{'count': 8}
842,509.tif,0,6,12,"```json
[]
```"
843,510.tif,0,4,18,[3]
844,513.tif,0,22,46,"{'ecDNA': [{'nuclear': 3}, {'chromosomes': 7}]}

The cell image contains a nucleus with 3 ecDNA and 7 chromosomes."
845,514.tif,0,18,57,[13]
846,515.tif,0,3,22,"{ ""ecDNA"": 3 }"
847,517.tif,0,19,42,0
848,518.tif,0,10,40,{'answer': 5}
849,529.tif,0,19,21,0
850,530.tif,0,28,22,[6]
851,533.tif,0,12,20,[4]
852,534.tif,0,20,21,2
853,536.tif,0,18,46,0
854,537.tif,0,16,44,[1]
855,538.tif,1,1,5,"```json
{
  ""count"": 2
}
```"
856,54.tif,1,5,0,3
857,541.tif,1,0,0,"{""count"":4}"
858,542.tif,3,0,0,[10]
859,544.tif,0,5,8,[1]
860,545.tif,0,32,76,[4]
861,546.tif,1,8,38,"{
  ""count"": 43
}"
862,548.tif,2,5,31,[1]
863,549.tif,0,38,102,[2]
864,55.tif,2,0,1,[3]
865,550.tif,1,15,56,2
866,551.tif,1,0,4,[5]
867,552.tif,6,0,0,"{""ecDNA"": 3}"
868,553.tif,16,0,15,"{""ecDNA"": 3}"
869,554.tif,1,10,38,2
870,555.tif,1,0,2,"{
  ""count"": 50
}"
871,56.tif,1,0,0,"{""ecDNA"":3}"
872,565.tif,0,8,28,"{ ""ecDNA"": 3 }"
873,566.tif,0,15,42,"{""ecDNA"": 5}"
874,568.tif,0,2,10,"{""ecDNA"":1}"
875,569.tif,0,31,95,"{
  ""count"": 4
}"
876,570.tif,0,31,75,[6]
877,571.tif,0,6,40,"{ ""ecDNA"":3 }"
878,572.tif,0,6,15,"{ ""ecDNA"": 3 }"
879,573.tif,0,32,80,[0]
880,574.tif,0,22,88,"{""ecDNA"": 2}"
881,577.tif,0,12,39,[]
882,578.tif,0,5,78,[3]
883,58.tif,1,0,0,There are 2 ecDNA in the image.
884,589.tif,0,9,103,[1]
885,59.tif,2,20,2,[3]
886,590.tif,0,20,145,"{ ""ecDNA"": 10 }"
887,591.tif,3,2,14,"{""ecDNA"":2}"
888,592.tif,1,5,35,{'ecDNA': 4}
889,593.tif,0,7,82,[3]
890,594.tif,0,29,155,"{""ecDNA"": 3}"
891,595.tif,1,13,66,"{""ecDNA"": 3}"
892,596.tif,0,21,62,"{
  ""count"": 3
}"
893,598.tif,0,4,61,[1]
894,599.tif,0,4,37,[3]
895,6.tif,2,0,0,[4]
896,605.tif,0,2,43,[1]
897,609.tif,0,25,89,[]
898,610.tif,0,16,58,"{""ecDNA"":4}"
899,611.tif,0,0,2,[3]
900,613.tif,0,19,104,[1]
901,614.tif,3,1,10,"{
""ecDNA"": {
""count"": 3
}
}"
902,615.tif,1,0,10,"{""ecDNA"": 3}"
903,617.tif,0,5,36,The image shows numerous elliptical structures that are likely ecDNA. There are at least 8 such structures visible.
904,618.tif,0,5,30,"{ ""ecDNA"": 3 }"
905,620.tif,1,0,0,{'total': 3}
906,621.tif,1,0,0,[3]
907,622.tif,1,0,0,[1]
908,623.tif,2,0,0,"{""ecDNA"":3}"
909,624.tif,1,0,0,"{
  ""ecDNA"": 3
}"
910,625.tif,1,0,0,"{
""count"": 6
}"
911,626.tif,1,0,0,"{ ""ecDNA"": 4 }"
912,627.tif,1,0,0,[2]
913,629.tif,0,33,12,{'ecDNA': 2}
914,630.tif,0,24,4,[3]
915,633.tif,0,3,3,"{ ""ecDNA"": 6 }"
916,634.tif,0,11,8,{'count': 6}
917,636.tif,1,0,0,"{""ecDNA"": 3}"
918,637.tif,1,0,0,[0]
919,638.tif,2,1,2,[3]
920,640.tif,2,0,0,2
921,641.tif,4,0,7,"{""ecDNA"":2}"
922,642.tif,2,0,0,0
923,643.tif,1,1,9,[2]
924,644.tif,3,0,0,"{""ecDNA"": 3}"
925,645.tif,2,0,0,2
926,646.tif,2,0,0,"{""ecDNA"":3}"
927,647.tif,5,0,3,[5]
928,648.tif,2,0,0,[0]
929,649.tif,1,11,7,"{""ecDNA"": 3}"
930,650.tif,0,7,2,[6]
931,652.tif,1,22,10,"{""ecDNA"": [{""color"": ""green"", ""position"": [530, 2450], ""size"": 6}, {""color"": ""green"", ""position"": [370, 190], ""size"": 6}, {""color"": ""green"", ""position"": [280, 140], ""size"": 6}, {""color"": ""green"", ""position"": [440, 70], ""size"": 6}]}"
932,653.tif,0,27,23,[1]
933,654.tif,1,4,0,2
934,656.tif,1,1,0,[3]
935,657.tif,1,3,0,[3]
936,658.tif,4,0,0,[3]
937,659.tif,1,0,0,[3]
938,660.tif,3,0,0,"{
""ecDNA"": 3
}"
939,661.tif,6,1,0,[10]
940,662.tif,2,0,0,[3]
941,663.tif,2,0,0,"{
  ""count"": 3
}"
942,664.tif,2,0,0,"{
  ""ecDNA"": 6
}"
943,665.tif,2,0,0,[4]
944,666.tif,2,0,0,"{ ""ecDNA"": 1 }"
945,667.tif,1,0,0,[1]
946,668.tif,2,0,0,"{""ecDNA"": 5}"
947,669.tif,0,20,9,"{ ""ecDNA"": 3 }"
948,670.tif,1,25,9,{'count': 3}
949,672.tif,3,0,0,There are 4 ecDNA in the image.
950,673.tif,2,11,0,0
951,674.tif,0,15,3,{'count': 3}
952,675.tif,1,0,0,[]
953,676.tif,7,0,0,[1]
954,677.tif,5,0,1,{'ecDNA': 3}
955,678.tif,1,0,0,0
956,679.tif,2,1,0,"{""ecDNA"":1}"
957,68.tif,0,2,6,[4]
958,680.tif,4,0,0,"{""ecDNA"": 3}"
959,681.tif,5,0,0,[]
960,682.tif,3,0,0,{'count': 1}
961,683.tif,3,2,0,[3]
962,684.tif,2,1,0,[3]
963,685.tif,2,4,1,"{
  ""ecDNA"": 3
}"
964,686.tif,4,2,0,There are 2 ecDNA present in the image.
965,687.tif,3,0,0,"{ ""count"": 2 }"
966,688.tif,3,26,18,"{""count"":1}"
967,689.tif,1,24,20,There are approximately 30 ecDNA in the image.
968,69.tif,0,8,17,"{""ecDNA"":2}"
969,690.tif,2,6,0,"{
  ""ecDNA"": {
    ""count"": 3
  }
}"
970,691.tif,3,0,0,"{""ecDNA"": 4}"
971,692.tif,2,0,1,[0]
972,693.tif,1,1,3,"{""ecDNA"": 4}"
973,694.tif,1,4,3,"{""ecDNA"": 3}"
974,695.tif,4,1,1,[]
975,696.tif,5,0,0,[]
976,697.tif,1,0,0,[0.05]
977,699.tif,1,0,0,"{""ecDNA"": 3}"
978,7.tif,2,0,1,[6]
979,70.tif,0,4,13,[6]
980,700.tif,2,0,0,1
981,701.tif,1,0,0,[3]
982,702.tif,3,0,0,[2]
983,703.tif,2,0,0,"```json
[1]
```"
984,704.tif,2,0,0,5
985,705.tif,1,0,1,[5]
986,706.tif,3,0,0,"{""ecDNA"": 3}"
987,707.tif,4,1,0,[]
988,708.tif,1,0,0,"{ ""ecDNA"": 4 }"
989,709.tif,0,39,65,[1]
990,710.tif,1,18,25,[2]
991,711.tif,4,0,0,3
992,712.tif,2,0,0,"{""ecDNA count"":5}"
993,713.tif,1,8,8,5
994,714.tif,1,2,4,{}
995,715.tif,3,2,0,[1]
996,716.tif,4,0,0,There are 1 ecDNA in the image.
997,717.tif,2,0,0,[3]
998,718.tif,2,0,1,"{
  ""value"": 3,
  ""unit"": ""NA""
}"
999,719.tif,2,0,0,[1]
1000,72.tif,0,7,15,"{""ecDNA count"": 5}"
1001,720.tif,2,0,0,[3]
1002,721.tif,1,0,0,"{
  ""count"": 7
}"
1003,724.tif,2,1,0,"{
  ""count"": 7
}"
1004,725.tif,1,0,0,[2]
1005,726.tif,1,0,0,"{ ""count"": 3 }"
1006,727.tif,2,0,0,"{
    ""ecDNA"": 3
}"
1007,728.tif,2,13,2,[6]
1008,729.tif,0,37,1,[3]
1009,73.tif,0,19,33,{'count': 4}
1010,730.tif,2,0,0,{'count': 1}
1011,731.tif,2,2,0,[3]
1012,732.tif,2,3,0,[2]
1013,733.tif,1,10,1,0
1014,736.tif,1,0,1,"{""ecDNA count"":3}"
1015,737.tif,1,0,0,"{""ecDNA count"": 4}"
1016,74.tif,0,11,27,"{ ""ecDNA"": 1 }"
1017,740.tif,1,0,0,0
1018,741.tif,1,0,0,[1]
1019,742.tif,2,0,0,{'count': 3}
1020,743.tif,4,0,4,[2]
1021,744.tif,1,0,0,[2]
1022,745.tif,1,1,0,[4]
1023,746.tif,1,6,1,"{""ecDNA"": 4}"
1024,747.tif,2,0,0,[3]
1025,748.tif,1,0,0,"{ ""count"":3 }"
1026,749.tif,1,31,9,[1]
1027,750.tif,0,13,2,"{""ecDNA"":3}"
1028,751.tif,1,0,0,[2]
1029,753.tif,2,9,3,0
1030,754.tif,2,0,0,2
1031,755.tif,2,0,0,{}
1032,756.tif,2,0,0,[6]
1033,757.tif,2,0,0,1
1034,758.tif,2,0,0,2
1035,759.tif,1,0,0,There are 3 ecDNA in the image.
1036,76.tif,13,0,9,"{
  ""count"": 3
}"
1037,760.tif,2,1,2,{'ecDNA': 5}
1038,761.tif,2,0,0,[2]
1039,762.tif,1,0,0,"{ ""ecDNA"": 3 }"
1040,764.tif,2,0,0,"{
  ""ecDNA_count"": 3
}"
1041,765.tif,2,0,0,"{""ecDNA"": 2}"
1042,766.tif,4,2,0,"{""ecDNA"":2}"
1043,767.tif,1,0,0,{'value': 3}
1044,768.tif,2,0,0,[3]
1045,769.tif,1,45,14,"{
""count"": ""3""
}"
1046,77.tif,1,9,11,[3]
1047,770.tif,2,9,3,[0]
1048,771.tif,6,0,0,{'ecDNA': 2}
1049,773.tif,0,11,11,[0]
1050,774.tif,1,10,2,"{""ecDNA_count"":10}"
1051,775.tif,2,0,0,{'ecDNA': 5}
1052,777.tif,0,2,0,{'count': 5}
1053,779.tif,1,0,0,[3]
1054,78.tif,0,3,1,[]
1055,780.tif,1,0,1,[2]
1056,782.tif,2,3,0,"{ ""ecDNA"": 0 }"
1057,783.tif,2,1,0,"{""ecDNA"": 3}"
1058,784.tif,2,0,0,[1]
1059,785.tif,1,3,0,"{
    ""ecDNA"": 5
}"
1060,786.tif,2,0,0,[2]
1061,787.tif,2,2,0,[5]
1062,788.tif,1,1,0,{'total': 1000}
1063,789.tif,1,16,0,[1]
1064,790.tif,1,11,0,[6]
1065,791.tif,2,2,0,{'value': 3}
1066,792.tif,0,6,0,0
1067,793.tif,1,19,1,[1]
1068,794.tif,0,10,0,{'ecDNA': 2}
1069,795.tif,1,0,0,[10]
1070,796.tif,1,0,0,3
1071,8.tif,4,0,2,{'count': 5}
1072,800.tif,3,0,0,"{""ecDNA"":3}"
1073,801.tif,1,0,0,[5]
1074,802.tif,2,0,0,"{""ecDNA"": 4}"
1075,803.tif,1,0,0,[6]
1076,804.tif,2,0,0,2
1077,805.tif,1,1,0,[3]
1078,806.tif,0,2,3,"{
  ""count"": 6
}"
1079,807.tif,1,0,0,5
1080,808.tif,2,0,0,2
1081,809.tif,1,8,16,[3]
1082,810.tif,0,9,8,[0]
1083,811.tif,1,0,0,{}
1084,812.tif,2,0,0,0
1085,813.tif,2,18,24,"{
""count"": 2
}"
1086,814.tif,0,12,8,[2]
1087,816.tif,1,0,0,[0]
1088,817.tif,2,0,0,[2]
1089,819.tif,1,0,0,[6]
1090,820.tif,3,0,0,[3]
1091,821.tif,1,2,7,[3]
1092,822.tif,2,0,0,{'ecDNA': 2}
1093,823.tif,2,0,5,"{""ecDNA"": 5}"
1094,824.tif,1,0,1,[3]
1095,825.tif,1,7,0,{'count': 6}
1096,826.tif,2,2,0,[5]
1097,827.tif,2,3,2,[5]
1098,828.tif,0,14,12,"[{""value"": 5}]"
1099,829.tif,0,25,0,[1]
1100,830.tif,0,8,1,[3]
1101,831.tif,1,1,1,"{ ""ecDNA"": 4 }"
1102,832.tif,0,2,9,"{ ""ecDNA"": 5 }"
1103,833.tif,2,10,2,"{
""count"": 3
}"
1104,834.tif,1,3,3,[0.75]
1105,835.tif,2,0,0,[1]
1106,837.tif,0,1,0,[0]
1107,838.tif,1,2,0,"{ ""ecDNA"": 3 }"
1108,839.tif,1,0,0,"{""ecDNA"": 5}"
1109,84.tif,0,3,1,{'ecDNA': 3}
1110,845.tif,1,0,0,[1]
1111,849.tif,1,1,0,"{""ecDNA"": 3}"
1112,85.tif,0,4,11,{'ecDNA': 3}
1113,853.tif,3,7,0,There is only one ecDNA present in the image.
1114,854.tif,1,13,2,{'count': 5}
1115,858.tif,1,0,0,"[{""number"":5}]"
1116,86.tif,1,0,2,"{""ecDNA"": 5}"
1117,863.tif,1,0,0,"{""ecDNA"": 5}"
1118,869.tif,0,13,3,[0.175]
1119,87.tif,1,0,1,2
1120,870.tif,0,18,2,"{
  ""value"": 3,
  ""confidence"": 0.95
}"
1121,871.tif,0,5,1,[2]
1122,873.tif,0,12,7,{'number': 1}
1123,874.tif,0,7,1,{'ecDNA': 10}
1124,88.tif,0,18,34,[0]
1125,883.tif,1,0,0,{'count': 6}
1126,889.tif,0,9,3,"{
  ""ecDNA"": 2
}"
1127,89.tif,0,24,35,[10]
1128,890.tif,0,4,2,[4]
1129,891.tif,0,1,0,"{""ecDNA"":1}"
1130,892.tif,0,4,1,"```json
{
  ""ecDNA"": 2
}
```"
1131,893.tif,0,30,12,"{""ecDNA"":4}"
1132,894.tif,0,15,2,[4]
1133,895.tif,0,2,1,[1]
1134,9.tif,4,36,2,[2]
1135,90.tif,1,7,16,[3]
1136,901.tif,0,3,0,2
1137,902.tif,0,3,0,{}
1138,903.tif,1,0,0,2
1139,904.tif,0,8,1,{'total': '3'}
1140,905.tif,1,23,1,[1]
1141,906.tif,1,7,1,[8]
1142,907.tif,2,0,0,The image shows 5 clusters of ecDNA.
1143,909.tif,1,7,0,[4]
1144,91.tif,1,0,1,[0]
1145,910.tif,1,13,0,[1]
1146,911.tif,1,0,0,[1]
1147,914.tif,0,5,0,[0]
1148,916.tif,2,4,6,[3]
1149,917.tif,1,1,1,"{ ""count"": 2 }"
1150,92.tif,0,8,13,"{""ecDNA"": 3}"
1151,925.tif,0,4,1,"[{""ecDNA"": 3}]"
1152,926.tif,0,2,1,4
1153,929.tif,0,3,3,{'ecDNA': '3'}
1154,93.tif,0,12,36,[3]
1155,930.tif,0,21,7,"{
  ""value"": 6,
  ""description"": ""Number of ecDNA present in the image.""
}"
1156,933.tif,0,11,3,"{""ecDNA count"":3}"
1157,934.tif,0,11,2,"{""ecDNA"":1}"
1158,938.tif,0,3,0,5
1159,94.tif,0,5,35,[2]
1160,946.tif,0,4,0,{'count': 4}
1161,948.tif,2,0,0,"{
  ""count"": 0
}"
1162,949.tif,0,8,2,3
1163,950.tif,0,4,0,[4]
1164,952.tif,2,0,0,[1]
1165,953.tif,0,18,1,0
1166,954.tif,0,15,0,1
1167,957.tif,0,5,0,"{""ecDNA_count"":3}"
1168,958.tif,0,5,0,"{""ecDNA"":3}"
1169,965.tif,0,2,0,"{""ecDNA"":3}"
1170,969.tif,0,20,1,0
1171,970.tif,0,15,2,"{""ecDNA"": 3}"
1172,972.tif,1,0,0,There are approximately 3000 ecDNA in the image.
1173,973.tif,0,2,0,{'count': 2}
1174,974.tif,0,14,0,2
1175,976.tif,2,0,0,[3]
1176,977.tif,0,1,0,{'ecDNA': 3}
1177,978.tif,0,4,0,"{""ecDNA"":4}"
1178,98.tif,1,0,0,4
1179,985.tif,0,11,1,5
1180,988.tif,0,10,2,"{""ecDNA"": 5}"
1181,989.tif,0,21,5,"{""ecDNA"": 3}"
1182,99.tif,1,0,4,"{""ecDNA"":3}"
1183,990.tif,0,12,3,"{""count"":3}"
1184,992.tif,0,6,0,[5]
1185,993.tif,0,18,3,The image shows 2 ecDNA.
1186,994.tif,0,26,0,"{""ecDNA"": 4}"
1187,995.tif,0,17,5,"The image shows several green fluorescent signals that appear to be ecDNA. The exact number cannot be determined from the image alone without knowing the scale or magnification. However, based on the visual appearance, there are at least several hundred visible ecDNA signals in the image."
1188,998.tif,0,3,0,2
