,image,num_nuclei,num_chromosomes,num_ecDNA,6_shot
0,0.tif,2,1,1,"[{""number"": 0}]"
1,1.tif,4,1,3,"{
  ""ecDNA"": 0
}"
2,10.tif,1,6,2,"{""ecDNA"": 1}"
3,1000.tif,3,4,2,{'ecDNA': 7}
4,1001.tif,1,0,0,"{""ecDNA"": 7}"
5,1004.tif,1,2,3,"{
""ecDNA"": 129
}"
6,1006.tif,0,2,0,"{""ecDNA"": 1}"
7,1008.tif,0,7,2,"[{""value"": 1}]"
8,1009.tif,0,21,6,"{
""ecDNA"": 129
}"
9,1013.tif,0,17,3,"{""ecDNA"": 1}"
10,102.tif,1,0,13,"{
""ecDNA"": 7
}"
11,1025.tif,0,8,1,"{
""answer"": ""1"",
""reason"": """"
}"
12,1026.tif,0,9,2,"{
  ""number"": 7,
  ""estimate"": 10
}"
13,1028.tif,0,3,1,"{""ecDNA"": 1}"
14,1029.tif,0,11,2,[{'value': '1'}]
15,103.tif,1,0,6,"{
""ecdna"": 19,
""confidence"": 98.75
}"
16,1030.tif,0,9,2,The estimate for the number of ecDNA in the image is 1.
17,1031.tif,3,7,3,"{
""ecDNA"": ""129""
}"
18,1033.tif,0,6,2,"{
""ecDNA"": 129,
""ECDNA"": 129,
""EC DNA"": 129,
""EC DNA"": 129,
""EC DNA"": 129,
""EC DNA"": 129,
""EC DNA"": 129,
""EC DNA"": 129,
""EC DNA"": 129,
""EC DNA"": 129,
""EC DNA"": 129,
""EC DNA"": 129,
""EC DNA"": 129,
""EC DNA"": 129,
"""
19,1034.tif,0,15,4,"```json
{
""ecDNA"": 129,
""confidence"": 0.99
}
```"
20,1042.tif,2,0,0,"{
""ecDNA"": ""129""
}"
21,1043.tif,1,0,0,"{
""ecDNA"": 68
}"
22,1045.tif,0,4,0,"```json
{
  ""ecdna"": 1,
  ""confidence"": 0.99
}
```"
23,1047.tif,2,0,0,"{
""ecDNA"": 0,
""ECDNAs"": 0
}"
24,1049.tif,0,25,4,"```json
{
  ""ecDNA"": 129
}
```"
25,1050.tif,0,16,0,"[{""estimate"":""5"",""value"":5}]"
26,1051.tif,1,0,0,"{
""ecDNA"": 0
}"
27,1053.tif,1,7,0,"```json
{
  ""ecDNA"": 7
}
```"
28,1054.tif,1,13,2,"{
""ecDNA"": ""129""
}"
29,1055.tif,2,0,0,"{""count"": 0}"
30,1057.tif,2,0,0,"{""ecDNA"": 129}"
31,1058.tif,2,0,0,"```json
{
  ""ecDNA"": 0
}
```"
32,1059.tif,1,0,0,"```json
{
  ""ecDNA"": 7,
  ""error"": """"
}
```"
33,1069.tif,0,9,5,"```json
{
  ""ecDNA"": 129
}
```"
34,107.tif,0,4,18,"[{""value"": ""68"", ""count"": 1}]"
35,1070.tif,1,4,4,"{
""ecDNA"": [
1,
19,
7,
129,
0
]
}"
36,1073.tif,0,17,1,"{""ecDNA"": ""1""}"
37,1074.tif,5,21,0,"[{""value"": 0}]"
38,108.tif,0,2,47,"{""ecDNA"": 0}"
39,1086.tif,0,2,0,"{""ecDNA"":7}"
40,1088.tif,1,1,0,"{
  ""ecDNA"": 7,
  ""confidence"": 99
}"
41,1089.tif,0,16,3,"{""ecDNA"": 129}"
42,109.tif,0,10,62,"```json
{
  ""ecDNA"": 0
}
```"
43,1090.tif,0,25,7,"```json
{
""ecDNA"": 0
}
```"
44,1092.tif,1,1,0,"{
""ecDNA"": ""10""
}"
45,1093.tif,0,13,14,"{
""ecDNA"": ""1""
}"
46,1094.tif,0,11,17,"{
""ecDNA"": {
""count"": 129,
""percent"": null,
""confidence"": null
}"
47,11.tif,2,0,0,"{
""count"": 1,
""estimate"": 1
}"
48,110.tif,0,8,57,"[{""value"": 68}]"
49,1100.tif,1,0,0,"{
""ecDNA"": [
{ ""number"": 129 },
{ ""number"": 1 },
{ ""number"": 7 },
{ ""number"": 0 }
]
}"
50,1101.tif,3,0,0,"[{""value"": 1}]"
51,1102.tif,2,0,0,{'ecDNA': 1}
52,1103.tif,2,0,0,"```json
{
""ecDNA"": 1
}
```"
53,1105.tif,1,0,0,"{
  ""ecDNA"": 129
}"
54,1106.tif,2,0,2,"{
  ""ecDNA"": {
    ""count"": 1,
    ""total"": 1
  }
}"
55,1109.tif,0,12,3,"```json
{
  ""ecDNA"": 0
}
```"
56,111.tif,0,2,26,"```json
[1]
```"
57,1110.tif,1,15,7,"```json
{
""ecDNA"": 1,
""estimate"": ""1""
}
```"
58,1111.tif,0,2,4,"{""ecDNA"": 1}"
59,1113.tif,0,8,10,"{
""ecDNA"": 1
}"
60,1114.tif,0,25,15,"{
""ecDNA"": 68
}"
61,1115.tif,0,6,11,"```json
[1]
```"
62,1116.tif,1,0,0,"```json
{
  ""ecDNA"": 129,
  ""confidence"": 0.99,
  ""message"": ""The estimated number of ecDNA is 129.""
}
```"
63,1117.tif,1,0,0,"{
""ecDNA"": {
""total"": 1,
""count"": [
1
]
}
}"
64,112.tif,0,19,82,"{""ecdna"": ""68""}"
65,1125.tif,2,0,0,"{
  ""ecDNA"": 1,
  ""error"": null
}"
66,1129.tif,2,7,1,"{
""number"": 1,
""confidence"": 1.0
}"
67,113.tif,0,21,92,"{
""ecDNA"": 1
}"
68,1130.tif,1,16,3,"```json
{
""ecDNA"": 7,
""count"": ""7""
}
```"
69,1131.tif,1,1,0,"```json
{
  ""ecDNA"": 129
}
```"
70,1133.tif,0,11,0,"```json
{
  ""ecDNA"": 129
}
```"
71,1134.tif,0,30,8,"{
  ""ecDNA"": {
    ""count"": 1,
    ""percentage"": 0.001
  }
}"
72,1135.tif,0,5,0,{'answer': 'None'}
73,1136.tif,1,0,0,"```json
{
  ""ecDNA"": 0
}
```"
74,114.tif,0,15,68,"{""ecDNA"": 1}"
75,1142.tif,1,0,0,"{
""ecDNA"": {
""count"": 1,
""percentage"": ""10""
}
}"
76,1143.tif,2,0,0,"[{""estimate"": 1}]"
77,1146.tif,0,0,0,"{
 ""ecDNA"": 7,
 ""confidence"": 0.9998
}"
78,1147.tif,1,0,0,"{""ecDNA"": ""129""}"
79,1149.tif,0,1,0,"{
""ecDNA"": 1,
""estimate"": ""1""
}"
80,115.tif,0,5,23,"```json
{
  ""ecDNA"": 129
}
```"
81,1150.tif,0,47,3,"{
""ecDNA"": ""129""
}"
82,1151.tif,0,2,3,"[{""value"": ""1""}]"
83,1153.tif,1,0,0,"{""ecDNA"": 1}"
84,1154.tif,1,13,3,"{
   ""ecDNA"": 1
}"
85,1158.tif,1,0,2,"[{""value"": 68}]"
86,1159.tif,1,0,0,"```json
{
  ""ecDNA"": 7
}
```"
87,116.tif,0,6,32,"```json
{
  ""ecDNA"": 129
}
```"
88,1161.tif,1,0,1,"{
""answer"": ""68"",
""confidence"": ""0""
}"
89,1162.tif,1,0,0,"```json
{
  ""estimate"": ""1""
}
```"
90,1169.tif,0,11,22,"```json
{
  ""estimate"": 0,
  ""ecDNA_count"": 0
}
```"
91,117.tif,0,8,33,{'ecDNA': 129}
92,1170.tif,0,13,20,"```json
{
  ""ecDNA"": [
    1,
    19,
    7
  ]
}
```"
93,1173.tif,0,14,15,"```json
{
  ""ecDNA"": 68
}
```"
94,1174.tif,0,19,27,"```json
[19]
```"
95,1179.tif,1,0,0,"```json
{
  ""ecDNA"": 129
}
```"
96,118.tif,0,3,72,"{
""answer"": ""6"",
""confidence"": ""0.99""
}"
97,1180.tif,1,0,0,"{
  ""number"": 1
}"
98,1181.tif,1,0,0,"{
""ecDNA"": 10
}"
99,1188.tif,3,0,12,"```json
{
   ""ecDNA"": 129
}
```"
100,1189.tif,1,3,10,"{
""ecDNA"": ""129""
}"
101,119.tif,15,0,2,"{
  ""count"": 68,
  ""confidence"": 99
}"
102,1190.tif,0,9,12,The image contains 1 ecDNA.
103,1192.tif,1,0,8,"{
""ecDNA"": [
{ ""value"": 68 },
{ ""value"": 19 },
{ ""value"": 1 }
]"
104,1193.tif,1,8,37,"{""ecDNA"": ""1""}"
105,1194.tif,0,20,35,"{
""ecDNA"": 1
}"
106,1197.tif,1,0,24,"{""ecDNA"": 1}"
107,1198.tif,1,1,26,"{""ecDNA"": {""value"": 129, ""count"": 1}}"
108,12.tif,1,2,3,"{
""ecDNA"": 7,
""confidence"": 99
}"
109,1209.tif,0,8,0,"[{""value"": 7}]"
110,1210.tif,0,28,4,"{
""ecDNA"": {
""count"": ""0""
}
}"
111,1213.tif,0,8,1,"{
  ""ecDNA"": 68,
  ""nuclei"": 19,
  ""chromosomes"": 1
}"
112,1214.tif,0,36,9,"{""ecDNA"": 1}"
113,1225.tif,0,2,0,"```json
[1]
```"
114,1226.tif,1,4,2,"{
   ""ecDNA"": 129,
   ""estimate"": 10
}"
115,1227.tif,0,1,0,"{
""ecDNA"": 1
}"
116,1228.tif,0,2,0,"```json
{
  ""ecDNA"": 129
}
```"
117,1229.tif,0,27,2,"{
 ""ecDNA"": 129
}"
118,1230.tif,1,15,1,"[{""value"":1,""confidence"":0.99}]"
119,1233.tif,0,14,4,"{
  ""ecDNA"": 8,
  ""nuclei"": 0,
  ""chromosomes"": 0
}"
120,1234.tif,0,19,4,"{
""count"": ""1""
}"
121,1235.tif,1,0,0,"{
""answer"": ""1"",
""probability"": ""0.5""
}"
122,1239.tif,1,1,0,"```json
{
  ""ecDNA_count"": 0
}
```"
123,1248.tif,0,3,0,"{""value"": 1}"
124,1249.tif,0,22,8,"{""ecDNA"": 1}"
125,1250.tif,1,8,3,"{""ecDNA"": 1}"
126,1253.tif,0,22,8,"```json
{
  ""ecDNA"": 68,
  ""nuclei"": 19,
  ""chromosomes"": 7,
  ""total"": 129
}
```"
127,1254.tif,0,7,5,"{""ecDNA"": ""1""}"
128,1261.tif,1,0,0,"```json
[68]
```"
129,1262.tif,1,0,0,"```json
{
  ""ecDNA"": {
    ""count"": 129,
    ""percentage"": 0.8917878787878788
  }
}
```
```python
{
  ""ecDNA"": [
    {
      ""number"": 129,
      ""percentage"": 0.8917878787878788
    },
    {
      ""number"": 0,
      ""percentage"": 0.0000000000000001
"
130,1266.tif,1,1,0,"{
   ""ecDNA"": 8
}"
131,1267.tif,1,0,0,"{
""ecDNA"": {
""value"": ""7"",
""count"": ""1""
}
}"
132,1269.tif,0,24,11,"```json
{
  ""ecDNA"": 129
}
```"
133,1270.tif,1,28,13,"```json
{
  ""ecDNA"": 1
}
```
It seems there's been an error. It appears there may be no ecDNA present or they could be counted as zero. Please try again with more information."
134,1271.tif,1,0,0,"[{""value"": 0}]"
135,1273.tif,0,17,15,"{""ecDNA"": 129}"
136,1274.tif,0,27,6,"{
  ""ecDNA"": 1,
  ""nuclei"": 1,
  ""chro"": 1
}"
137,1289.tif,0,16,12,"{
 ""ecDNA"": 129
}"
138,129.tif,0,14,20,The estimated number of ecDNA in the image is 10.
139,1290.tif,0,13,21,"```json
{
  ""ecDNA"": {
    ""count"": 0,
    ""total_count"": 129
  }
}
```"
140,1293.tif,0,22,13,"{
    ""ecDNA"": 1
}"
141,1294.tif,0,15,15,"{
  ""count"": 0,
  ""confidence"": 10
}"
142,1297.tif,1,0,0,"```json
{
  ""ecDNA"": 129,
  ""error"": null
}
```"
143,13.tif,1,32,0,"{
""ecDNA"": ""1""
}"
144,130.tif,0,18,34,"{""ecDNA"": 1}"
145,1300.tif,2,0,0,"```json
{
  ""answer"": {
    ""ecDNA"": 7,
    ""confidence"": 99
  }
}
```"
146,1301.tif,1,1,0,"{""ecDNA"": 7}"
147,1302.tif,1,0,1,"{
 ""ecDNA"": {
 ""total"": 129,
 ""count"": 68
 }
}"
148,1303.tif,1,0,1,"```json
{
  ""ecDNA"": {
    ""value"": 19,
    ""estimate"": 10
  }
}
```"
149,1304.tif,3,0,1,"```json
[1]
```"
150,1305.tif,1,4,23,"```json
{
  ""ecDNA"": 129
}
```"
151,1306.tif,1,0,6,"{
""estimate"": ""7""
}"
152,1308.tif,1,0,7,"[{""value"": ""68"", ""confidence"": ""0.8""}]"
153,1309.tif,1,8,16,"{""count"": ""1""}"
154,131.tif,0,5,17,"{
""ecDNA"": 129,
""ecDNA_estimate"": ""10""
}"
155,1310.tif,0,11,20,"{
  ""ecDNA"": ""1""
}"
156,1313.tif,0,20,20,"[{""value"": 7}]"
157,1314.tif,0,16,19,"{
""ecDNA"": 68,
""ecDNA_estimate"": ""7""
}"
158,1320.tif,1,0,2,"{""ecDNA"": {""value"": 7}}"
159,1325.tif,0,3,4,"{
 ""ecDNA"": 0
}"
160,1326.tif,1,1,2,"```json
{
  ""ecDNA"": 0
}
```"
161,1327.tif,1,0,0,"[{""value"": 1, ""confidence"": 0.99}]"
162,1328.tif,2,0,2,"The estimated answer is:

```json
{
  ""ecDNA"": 1,
  ""confidence"": 90
}
```"
163,1329.tif,0,24,15,"{
""ecDNA"": 1
}"
164,133.tif,0,18,26,"{
""answer"": ""129"",
""estimate"": ""10""
}"
165,1330.tif,0,19,19,"{""ecDNA"": 0}"
166,1332.tif,4,0,2,{'ecDNA': 1}
167,1333.tif,6,19,15,"{""ecDNA"": 1}"
168,1334.tif,0,5,7,"{""ecDNA"": 1}"
169,1336.tif,5,1,0,"{
""ecDNA"": ""68""
}"
170,1337.tif,2,0,4,"```json
{
  ""ecDNA"": {
    ""total"": 1,
    ""count"": 1
  }
}
```"
171,134.tif,0,15,20,"{""estimate"": ""1""}"
172,1341.tif,1,0,0,"```json
{
  ""ecDNA"": 129
}
```"
173,1342.tif,1,0,0,"```json
{""estimate"": ""10""}
```"
174,1345.tif,2,0,3,"{
""ecDNA"": {
""count"": 0,
""percentage"": 0,
""image_size"": null,
""area_fraction"": null
}
}"
175,1346.tif,1,0,0,"{
""ecDNA"": 1,
""error"": null
}"
176,1349.tif,0,24,20,"{
""ecDNA"": 1
}"
177,135.tif,0,8,24,"{
""ecDNA"": ""7""
}"
178,1350.tif,0,17,33,"```json
{
  ""ecDNA"": 1,
  ""confidence"": 0.7
}
```"
179,1352.tif,6,0,5,The estimated number of ecDNA in the image is 1.
180,1353.tif,0,22,22,"```json
{
  ""ecDNA"": 129,
  ""message"": ""ECDNA count""
}
```"
181,1354.tif,0,18,23,"{""value"": 0}"
182,1369.tif,2,23,11,"{
""count"": 1
}"
183,137.tif,0,1,3,"{
""ecDNA"": ""129""
}"
184,1370.tif,0,3,1,"{""ecDNA"": 0}"
185,1373.tif,0,35,14,{'estimate': 7}
186,1374.tif,0,16,6,"```json
{
  ""ecDNA"": 7
}
```"
187,1376.tif,1,0,0,"{
""ecDNA"": 129,
""estimate"": 110
}"
188,1377.tif,1,0,0,"{
""ecDNA"": 1,
""count"": 1
}"
189,138.tif,0,3,7,"```json
{
  ""ecDNA"": 0,
  ""nuclei"": 0,
  ""chromosomes"": 0
}
```"
190,1380.tif,1,0,0,"{
""ecDNA"": ""1""
}"
191,1381.tif,1,0,0,"{
""ecDNA"": ""1""
}"
192,1389.tif,0,30,5,"{
""answer"": ""1""
}"
193,1390.tif,0,21,11,"{
""answer"": ""1""
}"
194,1393.tif,0,15,6,"{""ecDNA"": 1}"
195,1394.tif,0,15,9,"[{""value"": ""0"", ""confidence"": ""0""}]"
196,14.tif,0,8,0,"{
""ecDNA"": ""129""
}"
197,1405.tif,0,7,12,"[{'value': '1', 'count': '1'}]"
198,1406.tif,0,8,7,"```json
{
  ""ecDNA"": 129
}
```"
199,1408.tif,0,1,12,"{""ecDNA"": 0}"
200,1409.tif,0,18,11,"{
""ecDNA"": 129
}"
201,1410.tif,0,23,17,{'ecDNA': 7}
202,1411.tif,0,7,4,"{
  ""ecDNA"": 1,
  ""confidence"": 99
}"
203,1413.tif,0,14,10,"{
""count"": 1,
""percentage"": 0
}"
204,1414.tif,0,13,19,"{""ecdna"":7}"
205,1415.tif,0,3,2,"{
    ""ecDNA"": 7,
    ""confidence"": 99
}"
206,1425.tif,0,8,2,"{""ecDNA"": 129}"
207,1426.tif,0,3,4,"{""ecDNA"":1}"
208,1428.tif,0,2,2,{'estimate': 1}
209,1429.tif,0,29,47,{'ecDNA': '129'}
210,1430.tif,0,23,36,"{""ecDNA"": 1}"
211,1433.tif,0,10,13,"[{""value"": 129, ""confidence"": 0.9]}]"
212,1434.tif,0,8,14,"```json
{
  ""count"": ""7""
}
```"
213,1444.tif,0,1,0,"[{""Value"": ""0"", ""Confidence"": ""85""}]"
214,1445.tif,0,2,0,"```json
{
  ""ecDNA"": 1
}
```"
215,1446.tif,0,1,1,"```json
[1]
```"
216,1448.tif,0,6,0,"{
""ecDNA"": 1,
""ECDNA"": 1
}"
217,1449.tif,0,16,4,[1]
218,145.tif,0,10,30,"```json
{
  ""ecDNA"": {
    ""count"": 7,
    ""total"": 129
  }
}
```"
219,1450.tif,0,32,5,"{
""ecDNA"": 1,
""confidence"": 0.8999999999999998
}"
220,1451.tif,0,9,1,The estimated number of ecDNA in the image is 10.
221,1453.tif,0,13,1,"{
""ecDNA"": 129,
""ecDNA_count"": 129
}"
222,1454.tif,0,11,1,"{
    ""ecDNA"": 1
}"
223,146.tif,0,6,26,"```json
{
  ""ecDNA"": 129
}
```"
224,1460.tif,1,0,0,"{
""ecDNA"": ""0""
}"
225,1465.tif,0,8,5,"```json
{
  ""ecDNA"": 129,
  ""estimate"": 10
}
```"
226,1468.tif,0,15,3,"{
  ""ecDNA"": 1
}"
227,1469.tif,0,30,18,"```json
{
""ecDNA"": ""129""
}
```"
228,1470.tif,0,11,11,"```json
{
  ""ecDNA"": 129
}
```"
229,1473.tif,0,16,15,"{
  ""count"": 129,
  ""confidence"": 95
}"
230,1474.tif,0,6,15,"{
""count"": ""0""
}"
231,148.tif,0,6,30,"```json
{
  ""ecDNA"": 7
}
```"
232,1480.tif,1,0,0,[0]
233,1484.tif,1,0,0,"```json
[7]
```"
234,1485.tif,0,2,8,"{""ecDNA"": ""129""}"
235,1489.tif,0,35,55,The image contains 0 number of ecDNA.
236,149.tif,0,30,81,"{
""ecDNA"": 0,
""ecDNA_estimate"": ""0""
}"
237,1490.tif,0,14,18,"{
""count"": ""0""
}"
238,1492.tif,0,1,0,"```json
{
  ""ecDNA"": 0
}
```"
239,1493.tif,0,28,22,The image contains 7 ecDNA.
240,1494.tif,0,13,10,{'ecDNA': '68'}
241,15.tif,5,2,1,"{
""answer"": ""129""
}"
242,150.tif,0,15,61,"{
""ecDNA"": ""129""
}"
243,1508.tif,1,1,2,"{""ecDNA"":7}"
244,1509.tif,0,8,13,"{
  ""ecDNA"": 0,
  ""error"": false,
  ""code"": 2000
}"
245,151.tif,0,7,37,"{
  ""ecDNA"": {
    ""count"": 1,
    ""percentage"": 8.008000000000002e-09
  }
}"
246,1512.tif,0,13,19,"```json
{
  ""ecDNA"": 129
}
```"
247,1513.tif,0,44,33,"{
""ecDNA"": ""1""
}"
248,1514.tif,0,5,15,"```json
{
  ""ecDNA"": 1
}
```"
249,152.tif,0,9,29,The estimated number of ecDNA in the image is 19.
250,153.tif,0,17,55,"{
  ""ecDNA"": 1
}"
251,1532.tif,1,0,3,{'count': '1'}
252,1533.tif,1,0,14,"{
""ecDNA"": 0,
""count"": 0
}"
253,1534.tif,0,12,32,"{
""number"": ""68""
}"
254,1536.tif,1,0,0,"[{""value"": 0}]"
255,1537.tif,0,13,21,"{
""ecDNA"": 1
}"
256,1538.tif,16,16,25,"{
""ecDNA"": 129,
""confidence"": 99
}"
257,154.tif,0,20,62,"```json
{
  ""ecDNA"": 7,
  ""confidence"": 99
}
```"
258,1543.tif,1,0,0,"```json
{
  ""ecDNA"": 68
}
```"
259,1549.tif,0,11,13,"{
""estimate"": ""68""
}"
260,155.tif,0,7,13,"[{""Value"": ""68"", ""Confidence"": ""1""}]"
261,1550.tif,0,7,14,"{
   ""ecDNA"": 7,
   ""estimate"": 7
}"
262,1552.tif,0,2,1,"{""ecDNA"": {""count"": 129, ""percentage"": 129 / 68 * 100}}"
263,1553.tif,0,34,45,"```json
[129]
```"
264,1554.tif,0,29,32,"```json
{""ecDNA"": 129}
```"
265,1557.tif,0,5,9,"{""ecDNA"": 1}"
266,1558.tif,0,8,6,"{
""ecDNA"": 129
}"
267,1562.tif,1,0,0,The image contains 68 ecDNA.
268,1569.tif,0,14,28,"```json
{""ecDNA"": 1}
```"
269,157.tif,0,3,28,"{""ecDNA"": 7}"
270,1570.tif,0,8,16,The estimated value for the number of ecDNA in the image is 8.
271,1573.tif,0,21,42,"{""count"": ""1""}"
272,1574.tif,0,9,11,"{""ecDNA"": 1}"
273,1588.tif,0,2,0,"[{""count"": 1}]"
274,1589.tif,0,25,14,"{
""answer"": ""129""
}"
275,1590.tif,0,23,18,"{""ecDNA"": 7}"
276,1592.tif,0,6,1,"```json
{
  ""ecDNA"": 129
}
```"
277,1593.tif,0,31,18,{'ecDNA': 7}
278,1594.tif,1,22,24,"```json
{
  ""ecDNA"": {
    ""value"": 0,
    ""estimate"": 0
  }
}
```"
279,1595.tif,15,0,5,"{""ecDNA"": 1}"
280,1597.tif,0,1,4,"{
    ""ecDNA"": 129,
    ""estimate"": 10
}"
281,1598.tif,1,3,0,"{
""estimate"": 1,
""confidence"": 99
}"
282,1599.tif,1,0,0,"{
""ecDNA"": ""7""
}"
283,16.tif,4,8,6,"{
""estimate"": ""68""
}"
284,1605.tif,0,3,0,"{
 ""ecDNA"": 7
}"
285,1606.tif,0,3,0,"```json
{
""ecDNA"": {
""data"": [68],
""value"": 7,
""unit"": ""number""
}
}
```"
286,1609.tif,0,40,11,"```json
{
  ""ecDNA_count"": 0,
  ""confidence"": 90
}
```"
287,1610.tif,0,20,1,"```json
{
  ""ecDNA"": 129,
  ""confidence"": 0.8987545247325174
}
```"
288,1613.tif,0,15,1,"[{""value"": 7}]"
289,1614.tif,0,17,2,"```json
[68]
```"
290,162.tif,0,2,2,"{
""ecDNA"": 1
}"
291,1626.tif,1,0,2,"{
""answer"": ""68""
}"
292,1627.tif,2,0,0,"{
""estimate"": ""7"",
""reason"": ""There is one ecDNA visible in the image.""
}"
293,1628.tif,2,0,0,"[{""value"": 7}]"
294,1629.tif,0,28,42,"[{""value"": 1}]"
295,1630.tif,1,23,22,"```json
{
  ""ecDNA"": 129
}
```"
296,1631.tif,1,0,1,"{
""ecDNA"": 0,
""count"": ""0""
}"
297,1633.tif,0,27,32,"```json
{
  ""ecDNA"": {
    ""value"": 0,
    ""count"": 0
  }
}
```"
298,1634.tif,0,22,31,The number of ecDNA in the image is 7.
299,1637.tif,0,7,10,"{
""answer"": ""7""
}"
300,1638.tif,0,3,2,"```json
{
  ""ecDNA"": 1
}
```"
301,1645.tif,0,2,2,"{
""ecDNA"": {
""number"": 1,
""percentage"": 0.0000000000000,
""data"": [
{
""x"": 3,
""y"": 3,
""z"": 0.0000000000000
}
]
}"
302,1648.tif,0,2,1,"{
""ecDNA"": 19
}"
303,1649.tif,0,56,14,"```json
{
  ""ecDNA"": 0
}
```"
304,165.tif,0,7,18,"```json
{
  ""ecDNA"": 19
}
```"
305,1650.tif,0,11,1,"```json
{
  ""ecDNA"": 129
}
```"
306,1653.tif,0,11,6,"{
""ecDNA"": 1,
""error"": null
}"
307,166.tif,0,27,65,"{""ecDNA_count"": 1}"
308,1661.tif,1,2,0,"```json
{
  ""ecDNA"": {
    ""count"": 1,
    ""percentage"": 0.1111111111111111,
    ""total"": 1
  }
}
```"
309,1662.tif,2,2,0,"{
   ""ecDNA"": 129
}"
310,1665.tif,1,0,0,The estimated count of ecDNA in the image is 1.
311,1666.tif,3,1,1,"```json
{
""ecDNA"": {
""total"": 1,
""data"": [
{
""x"": 0,
""y"": 0,
""value"": ""0""
}
]
}
} 
```"
312,1669.tif,0,19,13,"```json
{
  ""ecDNA"": 129
}
```"
313,167.tif,0,30,42,"[{""value"": ""1""}]"
314,1670.tif,1,41,36,"{
  ""count"": 0,
  ""message"": null
}"
315,1671.tif,4,15,11,"{
 ""ecDNA"": 129,
 ""confidence"": 95
}
The estimated number of ecDNA in the image is 129 with a confidence level of 95%. This suggests that the image contains 129 ecDNA objects."
316,1673.tif,0,6,10,"```json
{
  ""ecDNA"": 129
}
```"
317,1674.tif,1,24,13,"{
""ecDNA"": ""129""
}"
318,1675.tif,1,2,0,"{""ecDNA"": ""1""}"
319,168.tif,0,16,7,The estimated number of ecDNA in the image is 1.
320,1681.tif,0,3,0,"```json
{
  ""ecDNA"": 7,
  ""nuclei"": 19,
  ""chromosomes"": 1
}
```"
321,1686.tif,0,5,1,"{""ecDNA"": 2}"
322,1689.tif,1,3,1,"{
""ecDNA"": 1,
""error"": null
}"
323,169.tif,0,23,24,{'ecDNA': 1}
324,1690.tif,0,36,7,"{
  ""ecDNA"": {
    ""count"": 1,
    ""percentage"": 0
  }
}"
325,1691.tif,0,8,2,"{
""ecDNA"": ""1""
}"
326,1693.tif,1,0,0,"{
""ecDNA"": {
""number"": 129,
""estimate"": ""10""
}
}"
327,1694.tif,0,15,11,"{
""ecDNA"": 129
}"
328,1695.tif,0,15,3,"{
""ecDNA"": 7
}"
329,17.tif,1,0,0,"{
""ecDNA"": 1
}"
330,170.tif,0,18,49,"{""ecDNA"": 68}"
331,1705.tif,0,2,0,"{""ecDNA"": 1}"
332,1706.tif,0,2,1,"[{""value"": 1}]"
333,1709.tif,0,18,3,"```json
{
  ""ecDNA"": 129
}
```"
334,171.tif,2,11,11,"{""ecDNA"": 1}"
335,1710.tif,0,32,5,"{
""ecDNA"": 129,
""confidence"": ""95""
}"
336,1711.tif,0,1,2,"{
""answer"": ""1"",
""reasoning"": ""The image contains 1 ecDNA.""
}"
337,1713.tif,0,12,5,"```json
{
  ""ecDNA"": 129
}
```"
338,1714.tif,0,12,5,"```json
{
  ""ecDNA"": ""129""
}
```"
339,172.tif,0,6,6,"{
   ""ecDNA"": 129
}"
340,1720.tif,2,1,0,"{""value"":7}"
341,1721.tif,1,0,0,"{
""ecDNA"": ""129""
}"
342,1722.tif,0,3,6,"```json
[7]
```"
343,1724.tif,2,0,2,"[{'value': '1', 'confidence': '0'}]"
344,1725.tif,1,1,3,"{
""answer"": ""1"",
""reasoning"": ""The image contains one ecDNA.""
}"
345,1726.tif,1,7,1,The estimated number of ecDNA in the image is 10.
346,1727.tif,1,1,2,{'answer': 1}
347,1728.tif,1,0,0,"{
  ""ecDNA"": 129
}"
348,1729.tif,3,17,9,"```json
{
""ecDNA"": {
""count"": ""1""
}
}"
349,173.tif,0,35,29,"```json
{
  ""ecDNA"": 7
}
```"
350,1730.tif,0,41,16,"```json
{
  ""ecDNA"": 1
}
```"
351,1731.tif,0,4,10,"{
  ""ecDNA"": 129,
  ""confidence"": 99
}"
352,1732.tif,1,5,7,"```json
{
   ""ecDNA"": 129
}
```"
353,1733.tif,2,1,1,"```json
{
  ""ecDNA"": 0
}
```"
354,1734.tif,1,15,5,"{
""ecDNA"": 1
}"
355,1735.tif,0,2,11,"{
""ecDNA"": ""1""
}"
356,1736.tif,1,0,0,"{
""ecDNA"": 68
}"
357,1737.tif,3,0,0,"```json
{
  ""ecDNA"": {
    ""count"": 1,
    ""estimate"": 1
  }
}
```"
358,1738.tif,1,0,1,"{
    ""ecDNA"": {
        ""count"": 1,
        ""percentage"": 1
    }
}"
359,1739.tif,0,1,9,"{
    ""ecDNA"": {
        ""count"": 129,
        ""estimate"": 10
    }
}"
360,174.tif,1,11,25,"{""estimate"": ""1""}"
361,1740.tif,1,0,2,"{
    ""ecDNA"": {
        ""value"": 1,
        ""count"": 1
    }
}"
362,1744.tif,1,0,0,"{""ecDNA count"": ""1""}"
363,1745.tif,1,0,3,"{
""ecDNA"": 129
}"
364,1749.tif,1,12,3,"{""ecDNA"": 1}"
365,175.tif,1,0,0,"{
  ""ecDNA"": {
    ""value"": 1,
    ""count"": 1
  }
}"
366,1750.tif,0,38,24,"{
""ecDNA"": 1
}"
367,1751.tif,0,4,1,"{""ecDNA"": 1}"
368,1753.tif,0,5,5,"{
    ""ecDNA"": ""1""
}"
369,1754.tif,0,26,12,"[{""value"": ""1"", ""confidence"": ""0""}]"
370,1755.tif,5,10,12,"```json
{
 ""ecDNA"": 129
}
```"
371,1758.tif,1,1,1,"{
""ecDNA"": 129
}"
372,1759.tif,2,0,3,"```json
{
  ""ecDNA"": 129
}
```"
373,1760.tif,1,0,0,"```json
[1]
```"
374,1764.tif,1,0,0,"[{""value"": ""0"", ""confidence"": ""1""}]"
375,1765.tif,1,0,0,"```json
{
  ""ecDNA"": 129,
  ""estimate"": 10
}
```"
376,1766.tif,1,0,0,"```json
{
    ""ecDNA"": 129
}
```"
377,1768.tif,3,0,0,"{""ecDNA"": 0}"
378,1769.tif,2,5,2,"{""ecDNA"": ""1""}"
379,1770.tif,1,51,26,"```json
{
  ""ecDNA"": [
    129
  ]
}
```"
380,1771.tif,2,2,2,"[{""value"": ""1""}]"
381,1772.tif,2,0,0,"{
""ecDNA"": 129,
""estimate"": ""120""
}"
382,1773.tif,1,4,0,"{
  ""value"": 1,
  ""confidence"": 0.99
}"
383,1774.tif,0,42,12,{'answer': 1}
384,1775.tif,1,0,0,{'ecDNA': 1}
385,1776.tif,1,0,0,"{
""ecDNA"": ""1""
}"
386,1779.tif,1,0,0,"```json
[""1""]
```"
387,1785.tif,0,2,1,"The number of ecDNA in the image appears to be between 0 and 129. However, since we cannot have a fraction of an object, it would seem that there are at least one or more than one ecDNA in the image. Therefore, I will round this up to the nearest hundred. So, the estimated number of ecDNA in the image is around 130."
388,1786.tif,0,4,7,"```json
{
  ""ecDNA"": 129,
  ""confidence"": 0.8
}
```"
389,1789.tif,0,30,8,"{""ecDNA"": ""1""}"
390,1790.tif,2,22,32,"{
 ""ecDNA"": 68
}"
391,1791.tif,1,0,0,"{""ecDNA"": 1}"
392,1793.tif,0,15,5,"{""ecDNA"": ""1""}"
393,1794.tif,0,17,5,The image contains 68 ecDNA.
394,1796.tif,1,0,1,"{
""ecDNA"": 0
}"
395,1797.tif,1,0,0,"```json
{
  ""ecDNA"": 1
}
```"
396,18.tif,3,0,0,The estimated number of ecDNA is 0.
397,1809.tif,0,36,18,"{
  ""ecDNA"": 7,
  ""confidence"": 99.9
}"
398,1810.tif,0,28,17,"```json
[""129""]
```"
399,1813.tif,0,16,5,"{
   ""ecDNA"": 1,
   ""error"": null
}"
400,1814.tif,0,7,14,"```json
{
  ""answer"": ""1""
}
```"
401,1822.tif,1,5,7,"{""ecDNA"":7}"
402,1823.tif,1,0,0,"```json
{
  ""answer"": 8,
  ""description"": ""The image contains 8 ecDNA.""
}
```"
403,1825.tif,1,0,0,"{""ecdna_estimate"": ""129""}"
404,1826.tif,0,6,2,"{
""ecDNA"": ""129""
}"
405,1827.tif,0,3,0,"{
""ecDNA"": {
""count"": 19,
""percentage"": 0.19814705153873
}"
406,1829.tif,1,17,3,"{""ecDNA"": ""19""}"
407,1830.tif,0,26,4,"{
""ecDNA"": {
""count"": 19,
""percentage"": 14.741286885957078
}
}"
408,1831.tif,1,0,2,"```json
{
  ""ecDNA"": {
    ""count"": 0,
    ""estimate"": 0
  }
}
```"
409,1833.tif,0,19,2,"{
""ecDNA"": ""68""
}"
410,1834.tif,0,17,0,"[{""value"": ""1""}]"
411,1835.tif,1,0,0,"```json
{
  ""ecDNA"": 129,
  ""confidence"": 0.98
}
```"
412,1836.tif,2,0,3,"{
""ecDNA"": ""1""
}"
413,1837.tif,1,1,0,"```json
{
  ""count"": 68
}
```"
414,1840.tif,1,0,0,"[{""value"": ""68"", ""confidence"": ""0.9""}]"
415,1841.tif,1,1,0,"```json
{
  ""ecDNA"": 0
}
```"
416,1845.tif,0,10,2,"{
""ecDNA"": ""1""
}"
417,1846.tif,0,7,4,"{""ecDNA"": ""1""}"
418,1848.tif,0,1,1,"{""ecDNA"": 1}"
419,1849.tif,0,27,11,"```json
{
  ""ecDNA"": 129
}
```"
420,185.tif,0,9,26,"{""count"": 1}"
421,1850.tif,0,30,9,"{""ecDNA"": 7}"
422,1853.tif,0,7,5,{'ecDNA': 7}
423,1854.tif,0,7,8,"```json
{
""ecDNA"": {
""estimate"": ""68""
}
}
```"
424,1858.tif,1,0,0,"```json
{
  ""ecDNA"": 68
}
```"
425,186.tif,0,11,30,"The number of ecDNA in the image can be estimated by counting each individual structure as one. So, there are 68 ecDNA in total.
```json
{
  ""ecDNA"": 68,
  ""nuclei"": 0,
  ""chromosomes"": 0
}
```"
426,1865.tif,0,5,8,"```json
{
  ""ecDNA"": 129
}
```"
427,1868.tif,0,7,1,"{""ecDNA"": 68}"
428,1869.tif,0,30,21,"{
  ""ecDNA"": {
    ""count"": 68,
    ""percentage"": 68 / (68 + 19)
  }
}"
429,187.tif,1,0,2,"```json
{
  ""ecDNA"": 129
}
```"
430,1870.tif,0,14,14,"```json
{
  ""ecDNA"": {
    ""count"": ""1""
  }
}
```"
431,1872.tif,0,4,1,"{
""ecDNA"": 10
}"
432,1873.tif,0,14,5,"```json
{
  ""ecDNA"": 129
}
```"
433,1874.tif,0,7,5,"[{""value"": 68}]"
434,1875.tif,1,0,1,"```json
{
  ""ecDNA"": {
    ""total"": 129,
    ""count"": 7
  }
}
```"
435,1877.tif,1,0,0,"[{""value"": ""68""}]"
436,1879.tif,1,0,1,"{
""ecDNA"": ""1""
}"
437,188.tif,0,18,40,"[{""value"": 1}]"
438,1886.tif,0,3,0,"{
""estimate"": ""7""
}"
439,1888.tif,1,0,0,The image contains 19 ecDNA.
440,1889.tif,0,8,5,The estimated value for the number of ecDNA is 7.
441,189.tif,0,25,96,"[{""value"": 7}]"
442,1890.tif,0,30,0,"```json
{
""ecDNA"": 129
}
```"
443,1891.tif,0,6,1,"The number of ecDNA in the image can be estimated using connected component analysis.

Connected component analysis involves identifying and counting the number of distinct regions (connected components) within an image. In this case, we are interested in the number of ecDNA in each region.

To estimate the number of ecDNA in the image, we can count the number of connected components and round the result to the nearest ten. Let's do that:

```python
import numpy as np

# Assuming ecDNA counts are in a list
ecDNA_counts = [68, 19, 1, 7, 129]

#"
444,1893.tif,0,9,2,"[{""value"": ""1"", ""confidence"": 0.99}]"
445,1894.tif,1,17,1,"[{""value"": 7}]"
446,1895.tif,1,1,0,"{
""ecdna"": ""129""
}"
447,1898.tif,2,0,0,"{
""ecdna_count"": ""7""
}"
448,1899.tif,2,0,0,"```json
{""ecDNA"": ""1""}
```"
449,19.tif,5,0,0,"```json
{
  ""ecDNA"": [
    7,
    19,
    129
  ]
}
```"
450,190.tif,0,28,88,"{
""ecDNA"": 129,
""confidence"": 0.95,
""probability"": 0.99
}"
451,1901.tif,1,0,0,"{
""ecDNA"": ""68""
}"
452,1902.tif,1,0,0,{'value': 1}
453,1909.tif,0,23,6,"```json
{
  ""ecDNA"": 129
}
```"
454,191.tif,1,4,33,"{""ecDNA"": {""count"": 129}}"
455,1910.tif,0,20,12,"{
    ""ecDNA"": {
        ""total"": 0,
        ""count"": []
    }
}"
456,1911.tif,0,0,0,"{
""ecDNA"": 1
}"
457,1913.tif,0,19,14,The estimated number of ecDNA in the image is 1.
458,1914.tif,0,35,10,"{
""ecDNA"": ""129""
}"
459,1915.tif,1,0,0,"{
    ""ecDNA"": 129
}"
460,1919.tif,1,0,0,"{
""ecDNA"": ""1""
}"
461,192.tif,0,34,56,"{
""ecDNA"": ""1""
}"
462,1922.tif,1,0,0,"```json
{
  ""ecDNA"": 7
}
```"
463,1923.tif,1,0,0,"```json
{
  ""ecDNA"": 129
}
```"
464,1927.tif,1,0,0,"```json
{
  ""ecDNA"": 129
}
```"
465,1929.tif,0,31,5,{'value': 0}
466,193.tif,0,22,117,"{""ecDNA"": 1}"
467,1930.tif,10,42,5,"{
""ecDNA"": ""68""
}"
468,1933.tif,0,10,3,"{
  ""ecdna"": 1,
  ""nuclei"": 19,
  ""chromosomes"": 1
}"
469,1934.tif,0,14,1,"{""ecDNA"": ""7""}"
470,194.tif,0,37,103,"```json
{
  ""ecDNA"": 1
}
```"
471,1949.tif,0,11,9,"{
""count"": 68
}"
472,195.tif,0,40,63,"```json
{
  ""ecDNA"": 1
}
```"
473,1950.tif,0,28,17,"{""ecDNA"": 1}"
474,1951.tif,3,0,0,"{
""ecDNA"": {
""number"": 129,
""estimate"": ""0""
}
}"
475,1953.tif,0,0,5,"```json
[1]
```"
476,1954.tif,0,10,7,"{""ecDNA"": 7}"
477,1955.tif,1,0,0,"{
""count"": 0
}"
478,196.tif,0,11,21,"{
    ""ecDNA"": 129,
    ""confidence"": 99
}"
479,1969.tif,0,15,14,"{
""answer"": ""1"",
""probability"": ""0.98""
}"
480,197.tif,0,19,56,"{
""count"": ""68""
}"
481,1970.tif,0,14,8,"{""ecDNA"": 1}"
482,1973.tif,0,20,5,{'estimate': '129'}
483,1974.tif,0,23,10,"```json
{
  ""ecDNA"": 0
}
```"
484,198.tif,0,38,89,"```json
[1]
```"
485,1982.tif,1,0,0,"{
    ""ecDNA"": 1
}"
486,1983.tif,2,0,2,"{
""ecDNA"": {
""count"": 129,
""estimate"": ""10""
}
}"
487,1985.tif,1,0,2,"```json
{
  ""ecDNA"": 1
}
```"
488,1986.tif,1,0,3,{'ecDNA': 0}
489,1987.tif,2,0,1,"{""ecDNA"": 7}"
490,1988.tif,1,1,2,[0]
491,199.tif,0,17,42,"{""ecDNA"":1}"
492,1990.tif,0,29,14,"{""ecDNA"": 1}"
493,1991.tif,0,12,4,"{
""ecDNA"": ""129""
}"
494,1992.tif,1,0,2,"[{""value"": ""68"", ""confidence"": ""0.9""}]"
495,1994.tif,0,12,8,"[{""value"": ""1""}]"
496,1995.tif,0,8,3,"{
  ""ecDNA"": 129,
  ""confidence"": 99
}"
497,2.tif,4,0,0,{'estimate': 1}
498,2006.tif,0,3,2,"```json
[68]
```"
499,2009.tif,0,25,24,"{
    ""ecDNA"": 129
}"
500,201.tif,1,1,1,"{
""count"": ""68""
}"
501,2010.tif,0,34,62,The number of ecDNA in the image is 129.
502,2013.tif,0,7,8,"{
  ""ecDNA"": 1
}"
503,2014.tif,0,15,25,"```json
[1]
```"
504,202.tif,1,0,0,"```json
{
  ""answer"": 129,
  ""estimate"": 10
}
```"
505,2021.tif,1,0,0,"{
 ""ecDNA"": 129
}"
506,2022.tif,2,1,6,"{
""ecDNA"": 129
}"
507,2029.tif,0,5,7,"```json
{
""ecDNA"": ""129""
}
```"
508,203.tif,1,0,0,"{""answer"": ""1""}"
509,2030.tif,0,23,18,"{
""ecDNA"": 0,
""error"": ""no ecDNA found""
}"
510,2031.tif,1,0,1,"```json
{
""count"": ""129""
}
```"
511,2033.tif,0,6,1,{'ecDNA': 1}
512,2034.tif,0,40,12,"```json
{
  ""ecDNA"": 129
}
```"
513,2035.tif,1,1,2,"{
  ""ecDNA"": {
    ""count"": 19,
    ""percentage"": 29%
  }
}"
514,2040.tif,1,0,0,"```json
{""ecDNA"": 129}
```"
515,2041.tif,3,0,0,"{
  ""ecDNA"": 7
}"
516,2042.tif,3,0,0,"```json
{
  ""ecDNA"": 7
}
```"
517,2045.tif,1,0,0,"{
""ecDNA"": ""68""
}"
518,2046.tif,2,0,5,"{
""ecDNA"": {
""count"": 1,
""percentage"": ""10""
}"
519,2047.tif,2,0,0,"{
    ""ecDNA"": {
        ""count"": 1
    }
}"
520,2049.tif,0,16,24,"{
""ecDNA"": 1
}"
521,205.tif,2,4,1,"{""answer"": ""1""}"
522,2050.tif,0,36,51,"{
""estimate"": ""10""
}"
523,2051.tif,1,3,9,"```json
{
  ""ecDNA"": 129
}
```"
524,2053.tif,0,8,20,"{
""ecDNA"": 68,
""ecDNA_estimate"": ""68""
}"
525,2054.tif,1,19,55,"{
""number"": ""129""
}"
526,2055.tif,1,1,3,"```json
[0]
```"
527,206.tif,1,2,14,The estimated number of ecDNA in the image is 1.
528,2063.tif,1,0,0,"{
""ecDNA"": 68
}"
529,2065.tif,0,12,5,"{""ecDNA"": 1}"
530,2068.tif,0,3,1,{'answer': '129'}
531,2069.tif,0,44,26,"{""ecDNA"": 1}"
532,207.tif,1,1,4,"{""ecDNA"": 7}"
533,2070.tif,0,5,1,"{""ecDNA"": 68}"
534,2072.tif,0,1,0,"```json
{
""ecDNA"": ""129""
}
```"
535,2073.tif,0,9,5,"{""answer"": 1}"
536,208.tif,0,11,25,"```json
{
  ""ecDNA"": 129
}
```"
537,2089.tif,1,5,0,"{
""ecDNA"": ""1""
}"
538,209.tif,0,38,68,"```json
{
  ""ecDNA"": 1
}
```"
539,2090.tif,1,1,1,"{
""ecDNA"": 129,
""confidence"": ""99""
}"
540,2093.tif,0,20,5,{'ecDNA': 0}
541,2094.tif,0,7,5,"{""estimate"": ""7""}"
542,210.tif,0,18,80,The estimated number of ecDNA in the image is 10.
543,2102.tif,1,0,0,"```json
{
  ""ecDNA"": 129
}
```"
544,2103.tif,1,0,0,"{
""ecDNA"": ""129""
}"
545,2105.tif,1,0,0,"[{""value"": ""0""}]"
546,2106.tif,1,10,12,"```json
{
  ""ecDNA"": {
    ""count"": 129
  }
}
```"
547,2108.tif,1,1,4,"{
""ecdna"": ""7""
}"
548,2109.tif,0,49,68,"{""ecDNA"": 7}"
549,211.tif,0,11,34,"{
""ecDNA"": 68
}"
550,2110.tif,0,25,32,"{
  ""ecDNA"": 1,
  ""confidence"": 99
}"
551,2112.tif,2,0,3,"[{""value"": ""7""}]"
552,2113.tif,0,5,7,"```json
{
   ""ecDNA"": 7
}
```"
553,2114.tif,0,2,4,"{
  ""ecDNA"": {
    ""count"": 68,
    ""probability"": 0.100000
  }
}"
554,2118.tif,1,0,0,"{
  ""ecDNA"": 0
}"
555,2119.tif,1,0,0,{'answer': 1}
556,212.tif,0,11,22,"{""value"": 1}"
557,2126.tif,1,0,5,"{
""ecDNA"": ""1""
}"
558,2127.tif,1,0,1,"{
""ecDNA"": ""1""
}"
559,2129.tif,0,29,23,"{
""ecDNA"": 7,
""confidence"": 95
}"
560,213.tif,0,23,32,"```json
{
""ecDNA"": [
{ ""count"": 129 }
]
}
```"
561,2130.tif,8,2,14,"```json
{
  ""ecDNA"": 129
}
```"
562,2131.tif,1,0,1,"{""ecDNA"": 1}"
563,2133.tif,0,19,15,"{
""number"": ""68"",
""estimate"": ""66""
}"
564,2134.tif,2,9,18,"```json
{
  ""ecDNA"": {
    ""count"": 1,
    ""percentage"": 0.01,
    ""message"": ""The count is less than 10.""
  }
}
```"
565,2135.tif,2,0,4,"```json
{
  ""ecDNA"": 129,
  ""confidence"": 0.9
}
```"
566,2138.tif,1,0,1,"{
""estimate"": ""1-10""
}"
567,2139.tif,1,0,0,"{
""ecDNA"": 1
}"
568,214.tif,0,77,72,"{
""ecDNA"": ""68""
}"
569,2144.tif,3,3,0,[0]
570,2148.tif,6,0,6,"{
""answer"": ""68""
}"
571,2149.tif,0,10,3,"{""ecDNA"": 1}"
572,215.tif,0,21,63,"{
    ""ecDNA"": 1,
    ""confidence"": 90
}"
573,2150.tif,0,16,9,"```json
[0]
```"
574,2151.tif,0,6,4,"[{""value"": ""7"", ""confidence"": ""0.99""}]"
575,2153.tif,0,5,9,"```json
{
  ""ecDNA"": 129
}
```"
576,2154.tif,0,32,15,"{""ecDNA"": {""value"": 1, ""count"": 1}}"
577,2155.tif,0,20,9,"[{""value"": 129, ""confidence"": 0.99}]"
578,2157.tif,0,13,7,The estimated number of ecDNA in the image is 1.
579,2161.tif,1,0,0,"{""ecdna"": 1}"
580,2165.tif,2,2,4,"{
""ecDNA"": 129
}"
581,2169.tif,1,1,12,"[{""value"": 1]}]"
582,2170.tif,0,35,7,"```json
[""7""]
```"
583,2171.tif,3,0,4,"{
""answer"": ""129""
}"
584,2174.tif,0,3,0,"{""ecDNA"": ""1""}"
585,2175.tif,7,1,3,"{""ecdna"": 1}"
586,2178.tif,1,0,0,The estimated number of ecdna in the image is 1.
587,2179.tif,1,1,0,"{
""answer"": ""68""
}"
588,218.tif,1,3,6,"```json
{
""ecDNA"": ""129""
}
```"
589,2188.tif,0,2,1,"{""ecdna_count"": 129}"
590,2189.tif,0,25,29,"{""ecDNA count"": ""1""}"
591,2190.tif,0,4,10,The estimated number of ecDNA in the image is 0.
592,2191.tif,0,1,2,The image contains 0 number of ecDNA.
593,2192.tif,0,1,1,"{""ecDNA"": 7}"
594,2193.tif,0,13,12,"```json
{
  ""ecDNA"": 129
}
```"
595,2194.tif,0,5,7,"{""ecDNA"": 1}"
596,22.tif,1,0,0,"```json
{
    ""ecDNA"": 129
}
```"
597,2208.tif,1,0,0,"```json
{
  ""ecDNA"": 0
}
```"
598,2209.tif,1,13,4,"{
""ecDNA"": ""68""
}"
599,2210.tif,0,13,6,"{
  ""ecDNA"": 7,
  ""error"": null
}"
600,2213.tif,0,27,7,"{
""ecDNA"": 1
}"
601,2214.tif,0,28,10,"{
""ecDNA"": 129,
""confidence"": ""0""
}"
602,2215.tif,0,3,3,"{
""ecDNA"": 0,
""nuclei"": 68,
""chromosomes"": 19
}"
603,2226.tif,1,2,6,"```json
{
  ""ecDNA"": 129,
  ""confidence"": 99,
  ""prediction"": {
    ""type"": ""ecDNA"",
    ""count"": 129,
    ""probability"": 0.12981184451000113
  }
}
```"
604,2229.tif,2,8,1,"{
  ""ecDNA"": {
    ""count"": 1,
    ""percentage"": 0
  }
}"
605,2230.tif,6,10,14,"[{""estimate"": 129}]"
606,2231.tif,1,0,0,"{
""ecDNA"": 68
}"
607,2232.tif,0,0,1,"{""answer"": 1}"
608,2233.tif,0,9,2,"```json
{
  ""ecDNA"": 0
}
```"
609,2234.tif,0,30,19,"```json
{
  ""ecDNA"": {
    ""count"": 0,
    ""total"": 129
  }
}
```
"
610,2235.tif,1,16,8,"```json
{
  ""answer"": 1,
  ""reasoning"": ""The image contains one circle with ecDNA.""
}
```"
611,2236.tif,1,0,0,"{
""ecDNA"": ""68""
}"
612,2244.tif,1,0,0,"[{""value"": 0}]"
613,2245.tif,1,5,1,"{
""ecDNA"": 129,
""ECDNA"": 129,
""EC-DNA"": 129
}"
614,2246.tif,0,4,0,"{
""ecDNA"": 129,
""error"": """"
}"
615,2248.tif,1,0,0,"{
   ""ecDNA"": 129
}"
616,2249.tif,1,39,16,"{
""ecDNA"": ""7""
}"
617,225.tif,0,15,25,"{""ecDNA"": 1}"
618,2250.tif,0,28,8,"{
""ecDNA"": ""129""
}"
619,2251.tif,0,2,1,"```json
{
  ""ecDNA"": {
    ""total"": 0,
    ""min"": 0,
    ""max"": 129
  }
}
```"
620,2253.tif,0,4,3,"[{""value"": 1}]"
621,2254.tif,0,6,7,"```json
{
  ""ecDNA"": 129
}
```"
622,2259.tif,0,1,0,"[{""value"": 1}]"
623,226.tif,0,6,29,"[{""value"": ""68"", ""confidence"": ""10""}]"
624,2260.tif,1,0,0,"```json
{
  ""ecDNA"": {
    ""count"": 7,
    ""total"": 7
  }
}
```"
625,2261.tif,1,0,0,"{
""ecDNA"": 1,
""confidence"": 0.956
}"
626,2264.tif,1,0,0,"```json
{
  ""ecDNA"": 129
}
```"
627,2265.tif,1,0,0,"```json
{
""ecDNA"": 7,
""estimate"": ""Approximately""
}
```"
628,2269.tif,0,4,1,The estimated number of ecDNA in the image is 129.
629,2270.tif,7,35,7,"{""ecDNA"": 1}"
630,2274.tif,10,26,8,"```json
{
  ""count"": 129
}
```"
631,228.tif,0,7,7,The image contains 129 ecDNA.
632,2284.tif,1,0,0,"```json
{
  ""ecDNA"": {
    ""count"": 68,
    ""percentage"": 0.67
  }
}
```"
633,2285.tif,2,0,0,"{
    ""ecDNA"": {
        ""count"": 1,
        ""percentage"": 1 / 129 * 100
    }
}"
634,2288.tif,1,8,1,"{
""answer"": ""None"",
""reason"": ""The image does not contain any ecDNA.""
}"
635,2289.tif,1,22,20,"{
""ecdna"": ""1""
}"
636,229.tif,0,16,38,{'ecDNA': 0}
637,2290.tif,6,33,9,"```json
{
  ""ecDNA"": [
    {
      ""count"": 1,
      ""description"": ""1 ecDNA""
    },
    {
      ""count"": 2,
      ""description"": ""2 ecDNA""
    },
    {
      ""count"": 4,
      ""description"": ""4 ecDNA""
    },
    {
      ""count"": 7,
      ""description"": ""7 ecDNA""
    },
    {
      ""count"": 8,
      ""description"": ""8 ecDNA""
    }
  ]
}
```"
638,2291.tif,1,0,0,"```json
{
  ""estimate"": 7,
  ""confidence"": 0.99
}
```"
639,2292.tif,7,1,20,"{""ecDNA"": {""count"": 0}}"
640,2293.tif,0,8,1,"```json
[0]
```"
641,2294.tif,0,14,2,"```json
{
  ""ecDNA"": 129
}
```"
642,2295.tif,0,1,0,"{
""ecDNA"": 7
}"
643,2296.tif,2,0,1,"```json
{
  ""ecDNA"": 129
}
```"
644,2297.tif,1,6,1,"{
""count"": ""7""
}"
645,23.tif,1,0,0,"{
""ecDNA_count"": ""1""
}"
646,230.tif,0,17,30,"{
""ecDNA"": ""129""
}"
647,2302.tif,1,0,0,"{
""ecDNA"": 1
}"
648,2303.tif,1,0,0,"{""ecDNA"": 129}"
649,2309.tif,0,5,8,"{""ecDNA"": 68}"
650,231.tif,0,4,15,"```json
{
  ""ecDNA"": 129
}
```"
651,2310.tif,0,8,7,"{
""answer"": ""129""
}"
652,2313.tif,0,22,33,"{""answer"":1}"
653,2314.tif,0,25,21,"```json
{
  ""ecDNA"": 1
}
```"
654,2317.tif,0,4,12,"{
""ecDNA"": 129
}"
655,2318.tif,0,5,5,"[{""value"": ""1""}]"
656,232.tif,0,4,9,"```json
{
  ""ecDNA"": 129,
  ""confidence"": 0.99
}
```"
657,2320.tif,1,0,0,"{
  ""ecDNA"": {
    ""total"": 129,
    ""count"": [1]
  }
}"
658,2321.tif,2,1,0,The image contains 0 number of ecDNA.
659,2322.tif,1,3,1,"{
""ecDNA"": 129,
""confidence"": ""1""
}"
660,2323.tif,1,1,0,"```json
[0]
```"
661,2324.tif,1,0,0,"{
""count"": ""1""
}"
662,2325.tif,1,0,0,{'ecdna': 1}
663,2326.tif,1,0,0,"{""ecDNA"": 129}"
664,2328.tif,3,4,0,"{
""ecDNA"": ""1""
}"
665,2329.tif,1,11,0,"{""ecDNA"": 1}"
666,233.tif,0,14,30,"{
""ecDNA"": [
{ ""count"": 129 }
]
}"
667,2330.tif,0,19,3,"```json
{
   ""ecDNA"": 0
}
```"
668,2331.tif,0,6,2,"```json
{
""ecDNA"": 129
}
```"
669,2332.tif,1,8,0,"```json
{
  ""ecDNA"": 68
}
```"
670,2333.tif,1,23,2,"{
  ""ecDNA"": 129,
  ""confidence"": 0.95
}"
671,2334.tif,1,0,0,"```json
{
""ecDNA"": 129
}
```"
672,2335.tif,1,0,0,"{
""ecDNA"": 7,
""error"": null
}"
673,2337.tif,1,2,0,"```json
{
  ""ecDNA"": 129
}
```"
674,2338.tif,1,0,0,"{
""count"": 0,
""message"": ""EC DNA not found""
}"
675,2339.tif,1,0,0,"{
  ""ecDNA"": 68,
  ""nuclei"": 0,
  ""chromosomes"": 0,
  ""total"": 68
}"
676,234.tif,0,14,24,"{""ecDNA"": 1}"
677,2340.tif,5,0,1,"{
""ecdna"": ""129""
}"
678,2341.tif,1,0,0,"[{""value"": ""1"", ""count"": 1}]"
679,2342.tif,1,0,0,"```json
{
  ""ecDNA"": 68
}
```"
680,235.tif,0,9,25,"```json
[129]
```"
681,236.tif,2,2,32,"```json
{
""ecDNA"": {
""count"": 129,
""estimate"": ""10""
}
}
```
The answer is: ```json
{
""ecDNA"": {
""count"": 129,
""estimate"": ""10""
}
}"
682,237.tif,0,2,17,The estimated number of ecDNA in the image is 129.
683,238.tif,0,4,18,"{
""ecDNA"": 7,
""estimate"": ""10""
}"
684,242.tif,0,6,12,"```json
{
    ""ecDNA"": 129,
    ""message"": ""ECDNA"",
    ""code"": 2000
}
```"
685,243.tif,0,2,5,"```json
{
""ecDNA"": {
""number"": 1,
""percentage"": 0.11,
""probability"": 0.11,
""image_id"": 123
}
}"
686,245.tif,28,0,16,"[{""value"": ""1""}]"
687,246.tif,6,4,71,"```json
[129]
```"
688,247.tif,0,12,64,"```json
[68]
```"
689,248.tif,0,24,60,"{
""ecDNA"": 1
}"
690,249.tif,12,6,13,"{""ecDNA"": 1}"
691,250.tif,2,5,65,"```json
{
  ""ecDNA"": 129
}
```"
692,251.tif,0,24,85,"{""ecDNA"": ""8""}"
693,252.tif,0,22,120,"{
""ecDNA"": 129,
""confidence"": 95
}"
694,253.tif,6,22,116,"{
""ecDNA"": 1,
""estimate"": ""10""
}"
695,254.tif,2,17,154,"[{""value"": 129}]"
696,255.tif,0,13,86,"{
""ecDNA"": 129,
""confidence"": ""High""
}"
697,257.tif,11,6,127,"{
""ecDNA"": {
""count"": ""1"",
""percentage"": ""1.0""
}
}"
698,258.tif,0,1,78,"{
""ecDNA"": ""1""
}"
699,259.tif,0,3,24,"```json
{
  ""estimate"": ""12""
}
```"
700,260.tif,0,2,5,"{
""ecDNA"": 1,
""estimate"": ""1""
}"
701,262.tif,0,2,7,"[{""value"": 2]}]"
702,263.tif,0,13,34,"{
    ""ecDNA"": 8,
    ""error"": null
}"
703,266.tif,0,15,22,"```json
[1]
```"
704,267.tif,0,35,37,"{
""ecDNA"": 1
}"
705,268.tif,0,11,49,"```json
{
  ""ecDNA"": {
    ""total"": 1,
    ""count"": 1
  }
}
```"
706,269.tif,0,13,110,"```json
{
    ""ecDNA"": 1,
    ""total"": 129
}
```"
707,270.tif,0,6,25,"```json
{
  ""ecDNA"": 1
}
```"
708,271.tif,0,15,26,"{""ecDNA"": 129}"
709,272.tif,0,21,86,"{
""answer"": ""1"",
""confidence"": ""80""
}"
710,273.tif,0,26,156,"{""ecDNA"":7}"
711,274.tif,0,10,68,"{
""ecDNA"": 129,
""estimate"": ""10""
}"
712,276.tif,0,4,18,"```json
{
  ""ecDNA"": 129
}
```"
713,277.tif,0,13,51,"{""ecDNA"": 129}"
714,289.tif,0,26,17,"[{'Value': '1', 'Probability': '0.8'}]"
715,29.tif,0,9,0,"{
""ecDNA"": 7,
""confidence"": 99
}"
716,290.tif,0,13,16,"{
""ecDNA"": 68
}"
717,293.tif,0,27,10,"{""ecDNA"": ""129""}"
718,294.tif,0,11,20,"```json
{
  ""ecDNA"": {
    ""number"": 129,
    ""estimated"": 10
  }
}
```"
719,295.tif,0,7,11,"[{""estimate"": ""1"", ""value"": ""1""}]"
720,297.tif,0,2,1,The image contains 0 number of ecDNA.
721,298.tif,0,7,5,"{
""ecDNA"": ""68""
}"
722,3.tif,2,0,0,"{
""ecDNA"": 7
}"
723,309.tif,0,18,28,"```json
{
  ""ecDNA"": 129
}
```"
724,310.tif,0,9,22,"```json
[129]
```"
725,311.tif,0,3,10,"```json
[""1""]
```"
726,313.tif,0,20,22,[0]
727,314.tif,0,18,30,"{
""ecDNA"": [
    {
        ""num"": 0,
        ""desc"": """"
    }
]
}"
728,315.tif,0,7,11,"{""ecDNA"": 1}"
729,32.tif,0,16,0,"[{""value"": 7}]"
730,325.tif,0,3,0,"{""ecDNA"": 1}"
731,326.tif,0,3,6,"{
""ecDNA"": ""129""
}"
732,328.tif,0,4,0,"```json
{
    ""ecDNA"": 129
}
```"
733,329.tif,0,17,26,"```json
{
  ""ecDNA"": 129
}
```"
734,33.tif,0,45,2,"{
  ""ecDNA"": {
    ""total"": 7,
    ""count"": [
      68,
      19,
      1
    ]
  }
}"
735,330.tif,0,11,27,"{
""ecDNA"": {
""count"": 7,
""percentage"": ""80""
}"
736,331.tif,0,8,15,"[{""value"": ""1""}]"
737,333.tif,0,15,11,"{
""ecDNA"": {
""number"": 1,
""percentage"": 10
}
}"
738,334.tif,0,21,33,"{""answer"": 1}"
739,335.tif,0,7,10,"```json
[1]
```"
740,343.tif,1,0,0,"```json
{
  ""ecDNA"": 7
}
```"
741,344.tif,0,12,1,"{
""ecDNA"": 23,
""confidence"": 0.9869905155696616
}"
742,345.tif,0,58,37,"{
  ""ecDNA"": 7
}"
743,346.tif,0,40,51,"{""ecDNA"": 1}"
744,347.tif,1,2,6,[68]
745,348.tif,0,14,28,"```json
{
  ""ecDNA"": {
    ""value"": 7,
    ""count"": 1
  }
}
```"
746,349.tif,0,30,80,"```json
{
  ""ecDNA"": 129
}
```"
747,350.tif,0,11,68,"```json
[68]
```"
748,352.tif,0,13,17,"{
""ecDNA"": ""7""
}"
749,353.tif,0,32,75,{'ecDNA': 0}
750,354.tif,0,15,57,"{
  ""ecDNA"": 1,
  ""error"": null
}"
751,357.tif,0,3,6,"{
  ""ecDNA"": 7
}"
752,36.tif,4,1,0,"```json
{
  ""ecDNA"": [
    {
      ""count"": 7,
      ""probability"": 0.0000000
    },
    {
      ""count"": 129,
      ""probability"": 0.0000000
    }
  ]
}
```"
753,368.tif,1,0,0,"{""ecDNA"": 7}"
754,369.tif,0,15,11,"{""ecDNA"": 68}"
755,37.tif,2,18,5,"{
""ecDNA"": {
""number"": [
68
]
}
}"
756,370.tif,0,14,18,"{
""ecDNA"": ""1""
}"
757,371.tif,0,4,6,"{
""ecDNA"": ""1""
}"
758,372.tif,1,0,0,"[{""value"": ""1""}]"
759,373.tif,0,21,10,"```json
{
  ""ecDNA"": 7
}
```"
760,374.tif,0,23,17,"{
""ecDNA"": {
""total"": 129,
""count"": 68
}
}"
761,375.tif,0,3,3,"{
  ""ecDNA"": 0
}"
762,378.tif,0,4,3,"```json
{
  ""ecDNA"": 68,
  ""Nuclei"": 0,
  ""Chromosomes"": 0
}
```"
763,385.tif,0,4,8,"{
""ecDNA"": 1
}"
764,388.tif,0,11,12,"{
  ""ecDNA"": {
    ""count"": [
      7,
      129,
      19
    ]
  }
}"
765,389.tif,0,32,46,"[{""value"": 1}]"
766,390.tif,0,26,72,"{
""ecDNA"": {
""number"": 129,
""percentage"": ""85.0""
}
}"
767,391.tif,0,8,34,"{
 ""ecDNA"": 129
}"
768,392.tif,0,19,20,"```json
{
""answer"": ""1"",
""confidence"": ""1""
}
```"
769,393.tif,0,14,23,"{
""ecDNA"": ""1""
}"
770,394.tif,0,26,78,"{""ecDNA"": 1}"
771,395.tif,0,18,43,"{
  ""ecDNA"": 68,
  ""nuclei"": 19,
  ""chromosomes"": 1
}"
772,398.tif,0,13,36,[{'value': 129}]
773,399.tif,0,2,12,"```json
{
""ecDNA"": ""129""
}
```"
774,4.tif,3,1,0,"```json
{
  ""ecDNA"": 0
}
```"
775,40.tif,2,0,0,"[{""value"": 1}]"
776,409.tif,0,11,32,[68]
777,41.tif,1,1,0,"```json
{
  ""ecDNA"": {
    ""value"": 7,
    ""confidence"": 0.99
  }
}
```"
778,410.tif,0,16,34,"{
""ecDNA"": ""1""
}"
779,411.tif,0,3,24,"{
""ecDNA"": ""68""
}"
780,413.tif,0,22,38,"{""ecdna"": 0}"
781,414.tif,0,23,58,"```json
{
  ""ecDNA"": 129
}
```"
782,428.tif,0,3,6,"{
    ""ecDNA"": 1
}"
783,429.tif,0,29,38,"{
""ecDNA"": ""129""
}"
784,430.tif,0,4,12,"{
""ecDNA"": ""1""
}"
785,432.tif,2,3,2,"{
""ecDNA"": ""1""
}"
786,433.tif,0,24,50,"[{'value': '10', 'confidence': '0.98'}]"
787,434.tif,1,10,23,"```json
{
    ""ecDNA"": 129
}
```"
788,435.tif,0,4,6,"{
  ""ecDNA"": 68
}"
789,437.tif,0,6,4,"```json
{
  ""ecDNA"": 129
}
```"
790,438.tif,0,4,3,"{
""ecDNA"": 128,
""confidence"": 0.99
}"
791,439.tif,0,2,2,"{
""ecDNA"": 129,
""estimate"": 10,
""confidence"": 99
}"
792,44.tif,1,0,0,"{""ecDNA"": 1}"
793,440.tif,0,1,10,"{
  ""ecDNA"": 1
}"
794,442.tif,0,3,11,[0]
795,443.tif,0,20,24,"[{""value"": 68}]"
796,446.tif,0,12,27,"{
""ecDNA"": {
""count"": 0
}
}"
797,447.tif,0,31,33,"{
""ecDNA"": ""0""
}"
798,448.tif,0,11,61,"```json
{
  ""ecDNA"": 1,
  ""message"": ""The image contains 1 ecDNA.""
}
```"
799,449.tif,0,19,121,"{
  ""ecDNA"": 1,
  ""confidence"": 98%
}"
800,45.tif,1,4,2,"{""ecDNA"": {""count"": 7}}"
801,450.tif,1,3,60,"```json
{
  ""ecDNA"": {
    ""value"": 0,
    ""estimate"": 10
  }
}
```"
802,451.tif,0,11,21,"```json
{
  ""ecDNA"": 7,
  ""count"": ""7""
}
```"
803,452.tif,0,11,61,"{
""ecDNA"": 129
}"
804,453.tif,0,25,154,"{""ecDNA"": 129}"
805,454.tif,0,13,98,"{
""ecDNA"": ""129""
}"
806,457.tif,0,8,26,"{
""ecDNA"": 7
}"
807,468.tif,0,8,16,"[{""value"": ""68""}]"
808,469.tif,0,16,33,"```json
{
  ""ecDNA"": 129
}
```"
809,470.tif,0,2,5,"[{""estimate"": ""1"", ""value"": 1}]"
810,472.tif,0,13,37,[129]
811,473.tif,0,34,52,"{
""number"": ""1""
}"
812,474.tif,0,9,17,"{
""ecDNA"": 1,
""confidence"": ""0.9""
}"
813,476.tif,0,3,9,"[{""value"":1, ""confidence"":1}]"
814,477.tif,0,11,17,"{
 ""ecdna_count"": 129
}"
815,478.tif,1,3,3,"{""ecDNA"": 7}"
816,479.tif,5,0,15,"```json
{
  ""ecDNA"": 1
}
```"
817,485.tif,0,4,20,"[{""value"": 68, ""confidence"": 0.89}]"
818,486.tif,0,9,17,"{""ecDNA"": 129}"
819,487.tif,0,3,1,"{
""ecDNA"": ""7""
}"
820,488.tif,0,2,6,"{
""ecDNA"": ""7""
}"
821,489.tif,0,29,88,"{
""ecDNA"": 1
}"
822,49.tif,0,39,2,"{""ecDNA"": 1}"
823,490.tif,0,21,58,"{
""count"": 7,
""confidence"": ""80""
}"
824,491.tif,0,7,31,"{
""ecDNA"": ""129""
}"
825,492.tif,0,10,14,"{
""ecDNA"": 68
}"
826,493.tif,0,32,98,"```json
{
  ""ecDNA"": 7
}
```"
827,494.tif,0,38,88,"{""ecDNA"": 129}"
828,495.tif,11,0,5,"[{'value': '0', 'prediction': False}]"
829,496.tif,0,6,7,"```json
{
  ""ecDNA"": {
    ""value"": 1,
    ""count"": 1
  }
}
```"
830,497.tif,0,23,40,"{
""ecDNA"": 7
}"
831,498.tif,1,1,17,"{""ecDNA"": 1}"
832,499.tif,1,0,11,"{
  ""ecDNA"": 0,
  ""nuclei"": 68,
  ""chromosomes"": 19
}"
833,5.tif,2,9,1,"{
""ecDNA"": 1
}"
834,50.tif,0,34,4,"```json
{
  ""ecDNA"": 1,
  ""nuclei"": 67,
  ""chromosomes"": 1
}
```"
835,500.tif,0,15,15,"{
""ecDNA"": 129
}"
836,501.tif,0,20,33,"{
""ecDNA"": {
""total"": 129,
""number"": 129
}
}"
837,502.tif,0,11,17,"```json
{
  ""ecDNA"": 129
}
```"
838,504.tif,0,12,17,"{""ecDNA"": 68}"
839,505.tif,0,16,25,"{""answer"": ""1""}"
840,506.tif,0,8,18,"```json
{
  ""ecDNA"": {
    ""number"": 7,
    ""estimate"": 10
  }
}
```"
841,508.tif,0,1,1,"{
  ""ecDNA"": 129
}"
842,509.tif,0,6,12,"{
""ecDNA"": 0,
""nuclei"": 1,
""chromosomes"": 19
}"
843,510.tif,0,4,18,"{""count"":1}"
844,513.tif,0,22,46,"```json
{
""count"": 1
}
```

This means there is one ecDNA in the image."
845,514.tif,0,18,57,"```json
{
  ""ecDNA"": 129,
  ""confidence"": 99
}
```"
846,515.tif,0,3,22,"```json
[68]
```"
847,517.tif,0,19,42,"{
""ecDNA"": ""7""
}"
848,518.tif,0,10,40,"{
  ""ecDNA"": 1,
  ""message"": ""EC DNA estimation""
}"
849,529.tif,0,19,21,"```json
{
""ecdna"": 1
}
```"
850,530.tif,0,28,22,"```json
{
  ""ecDNA"": 129
}
```"
851,533.tif,0,12,20,"{
""ecDNA"": {
""number"": 1
}
}"
852,534.tif,0,20,21,"[{""value"": ""129"", ""confidence"": 0.7}]"
853,536.tif,0,18,46,{'answer': 0}
854,537.tif,0,16,44,"{
  ""ecDNA"": {
    ""count"": 10,
    ""percentage"": """"
  }
}"
855,538.tif,1,1,5,"{""ecDNA"": 1}"
856,54.tif,1,5,0,[68]
857,541.tif,1,0,0,The number of ecDNA in the image is 19.
858,542.tif,3,0,0,"{
""ecdna"": ""129""
}"
859,544.tif,0,5,8,"[{""value"": ""1""}]"
860,545.tif,0,32,76,"{
    ""ecDNA"": 1,
    ""error"": """"
}"
861,546.tif,1,8,38,"{""ecdna"": 1}"
862,548.tif,2,5,31,"{
    ""ecDNA"": 129
}"
863,549.tif,0,38,102,"{
""answer"": ""7"",
""confidence"": ""0""
}"
864,55.tif,2,0,1,"{
""ecDNA"": ""129""
}"
865,550.tif,1,15,56,"[{""value"": ""1"", ""confidence"": 0.99}]"
866,551.tif,1,0,4,"```json
{
   ""ecDNA"": 129
}
```"
867,552.tif,6,0,0,"```json
{
  ""ecDNA"": 0
}
```"
868,553.tif,16,0,15,"The estimated number of ecDNA in the image can be calculated using the following formula:
Number of ecDNA = Total number of cells - Number of nucleus - Number of chromosomes
Let's calculate it:
Total number of cells = 68 + 19 + 1 = 80
Number of nucleus = 68
Number of chromosomes = 129 - (19*2) - (1*2) = 25
Therefore, the estimated number of ecDNA = 80 - 68 - 25 = 87
So, the estimated number of ecDNA in"
869,554.tif,1,10,38,"{
""ecDNA"": 7,
""confidence"": ""99""
}"
870,555.tif,1,0,2,"```json
[7]
```"
871,56.tif,1,0,0,"{
""ecDNA"": ""68""
}"
872,565.tif,0,8,28,"{""ecdna"":7}"
873,566.tif,0,15,42,"{
""ecDNA"": 129,
""confidence"": 0.89
}"
874,568.tif,0,2,10,"{""ecDNA"": 7}"
875,569.tif,0,31,95,"```json
{
  ""ecDNA"": [
    {
      ""value"": 1,
      ""confidence"": 0.99
    },
    {
      ""value"": 0,
      ""confidence"": 0.01
    }
  ]
}
```"
876,570.tif,0,31,75,"{
""count"": 129
}"
877,571.tif,0,6,40,"{""ecDNA"": ""129""}"
878,572.tif,0,6,15,"```json
{
""ecDNA"": 129
}
```"
879,573.tif,0,32,80,"{
""ecDNA"": ""129""
}"
880,574.tif,0,22,88,"```json
{
  ""ecDNA"": 1,
  ""nuclei"": 1,
  ""chromosomes"": 2
}
```"
881,577.tif,0,12,39,"[{""value"": ""1"", ""confidence"": 0.99}]"
882,578.tif,0,5,78,"{
  ""count"": 7,
  ""percentage"": 58.57142857142857
}"
883,58.tif,1,0,0,"[{""value"": 1}]"
884,589.tif,0,9,103,"{
""ecdna"": ""0""
}"
885,59.tif,2,20,2,"{
""ecDNA"": {
""count"": ""1""
}
}"
886,590.tif,0,20,145,"```json
{
  ""ecDNA"": 129,
  ""confidence"": 0.95
}
```"
887,591.tif,3,2,14,"```json
{
  ""ecDNA"": {
    ""count"": 7,
    ""percentage"": 5.714285714285714
  }
}
```"
888,592.tif,1,5,35,"{""count"": 1}"
889,593.tif,0,7,82,"{
""ecDNA"": {
""count"": ""1""
}
}"
890,594.tif,0,29,155,"{
""ecDNA"": 129
}"
891,595.tif,1,13,66,"{""ecDNA"": ""6""}"
892,596.tif,0,21,62,"{
""ecDNA"": ""7""
}"
893,598.tif,0,4,61,"```json
[1]
```"
894,599.tif,0,4,37,"{
""ecDNA"": 129
}"
895,6.tif,2,0,0,"```json
{
  ""ecDNA"": 129
}
```"
896,605.tif,0,2,43,"{
    ""count"": 1
}"
897,609.tif,0,25,89,"```json
{
  ""ecDNA"": {
    ""num"": 7,
    ""percentage"": 0.07
  }
}
```"
898,610.tif,0,16,58,"{
    ""ecDNA"": 129,
    ""confidence"": 99
}"
899,611.tif,0,0,2,{'ecDNA': 1}
900,613.tif,0,19,104,"```json
{
  ""ecDNA"": 129,
  ""confidence"": 99,
  ""probability"": 1
}
```"
901,614.tif,3,1,10,"{
  ""ecDNA"": 0,
  ""error"": """"
}"
902,615.tif,1,0,10,"{""ecDNA"": 68}"
903,617.tif,0,5,36,"```json
{
""ecDNA"": 0
}
```"
904,618.tif,0,5,30,{'estimate': '1'}
905,620.tif,1,0,0,"{""ecDNA"":129}"
906,621.tif,1,0,0,"{
""answer"": ""7""
}"
907,622.tif,1,0,0,"{
""ecDNA"": 129,
""confidence"": 99
}"
908,623.tif,2,0,0,"{
""ecDNA"": 7
}"
909,624.tif,1,0,0,"```json
{
  ""ecDNA"": 129
}
```"
910,625.tif,1,0,0,"```json
[7]
```"
911,626.tif,1,0,0,"{
""answer"": ""68""
}"
912,627.tif,1,0,0,"{
""ecDNA"": 1
}"
913,629.tif,0,33,12,"{
""ecDNA"": {
""total"": 2,
""number"": 2
}
}"
914,630.tif,0,24,4,"{
  ""ecDNA"": 7
}"
915,633.tif,0,3,3,"[{""value"": ""1"", ""confidence"": ""0""}]"
916,634.tif,0,11,8,"{""answer"": ""1""}"
917,636.tif,1,0,0,"{
   ""ecDNA"": {
      ""value"": 1,
      ""count"": 1
   }
}"
918,637.tif,1,0,0,"{""ecDNA"": 1}"
919,638.tif,2,1,2,"{
""ecDNA"": ""7""
}"
920,640.tif,2,0,0,"{
""ecDNA"": 129
}"
921,641.tif,4,0,7,The estimated number of ecDNA in the image is 1.
922,642.tif,2,0,0,"```json
[7]
```"
923,643.tif,1,1,9,"{
  ""ecDNA"": [
    {
      ""number"": 1,
      ""count"": 1
    },
    {
      ""number"": 7,
      ""count"": 1
    },
    {
      ""number"": 129,
      ""count"": 1
    }
  ]
}"
924,644.tif,3,0,0,"```json
{
  ""ecDNA"": 1
}
```"
925,645.tif,2,0,0,"{
""ecDNA"": 129
}"
926,646.tif,2,0,0,"```json
[1]
```"
927,647.tif,5,0,3,"{
  ""ecDNA"": 7,
  ""confidence"": 99
}"
928,648.tif,2,0,0,"```json
{
    ""ecDNA"": 68
}
```"
929,649.tif,1,11,7,"{""ecDNA"": ""1""}"
930,650.tif,0,7,2,"```json
{
  ""ecDNA"": 129
}
```"
931,652.tif,1,22,10,"{""ecDNA"": 1}"
932,653.tif,0,27,23,"{
""count"": ""7""
}"
933,654.tif,1,4,0,"{
""ecDNA"": {
""count"": ""1"",
""percentage"": ""0""
}
}"
934,656.tif,1,1,0,"{
""ecDNA"": 129,
""estimate"": ""10""
}"
935,657.tif,1,3,0,"[{""count"": 7}]"
936,658.tif,4,0,0,The estimated number of ecDNA in the image is 1.0.
937,659.tif,1,0,0,"{
""answer"": ""1"",
""reasoning"": ""The image contains only one ecDNA object.""
}"
938,660.tif,3,0,0,The image contains 0 ecDNA.
939,661.tif,6,1,0,"[{""value"": ""68"", ""confidence"": ""0.99""}]"
940,662.tif,2,0,0,[{'value': 1}]
941,663.tif,2,0,0,"{
""ecDNA"": 1,
""error"": null
}"
942,664.tif,2,0,0,"{
""ecDNA"": 129,
""estimate"": ""13""
}"
943,665.tif,2,0,0,"{""count"":7}"
944,666.tif,2,0,0,"```json
[7]
```"
945,667.tif,1,0,0,"```json
{
  ""ecDNA"": 68
}
```"
946,668.tif,2,0,0,"[{""number"": 129}]"
947,669.tif,0,20,9,"```json
{
  ""count"": 1
}
```"
948,670.tif,1,25,9,"{
""ecDNA"": ""129""
}"
949,672.tif,3,0,0,"{
""ecDNA"": 68
}"
950,673.tif,2,11,0,"[{""value"": 1}]"
951,674.tif,0,15,3,"{""ecDNA"": 0}"
952,675.tif,1,0,0,"{""ecDNA"": 68}"
953,676.tif,7,0,0,"```json
[129]
```"
954,677.tif,5,0,1,"```json
{
  ""ecDNA"": 7
}
```"
955,678.tif,1,0,0,"```json
{
  ""ecDNA"": 1,
  ""nuclei"": 0,
  ""chromosomes"": 0
}
```"
956,679.tif,2,1,0,"{
""count"": ""1""
}"
957,68.tif,0,2,6,"[{""value"": ""1"", ""color"": ""#FF0000""}]"
958,680.tif,4,0,0,"```json
{
  ""ecDNA"": 129
}
```"
959,681.tif,5,0,0,{'value': 0}
960,682.tif,3,0,0,"{
  ""ecDNA"": {
    ""count"": 0,
    ""number"": 0
  }
}"
961,683.tif,3,2,0,"{""ecDNA"": 1}"
962,684.tif,2,1,0,"{
""ecDNA"": 129,
""estimate"": ""10""
}"
963,685.tif,2,4,1,"{
""answer"": ""1""
}"
964,686.tif,4,2,0,[129]
965,687.tif,3,0,0,"{
""ecDNA"": ""129""
}"
966,688.tif,3,26,18,"```json
{
""ecDNA"": 129,
""confidence"": 0.88
}
```"
967,689.tif,1,24,20,"{""ecDNA"": 7}"
968,69.tif,0,8,17,"[{""count"": ""1""}]"
969,690.tif,2,6,0,"{
""answer"": ""1"",
""reasoning"": """"
}"
970,691.tif,3,0,0,"```json
{
  ""ecDNA"": [
    {
      ""count"": 1,
      ""label"": null
    }
  ]
}
```"
971,692.tif,2,0,1,"```json
{
  ""ecDNA"": 129
}
```"
972,693.tif,1,1,3,"{
""ecDNA"": 0
}"
973,694.tif,1,4,3,"{
  ""ecDNA"": 0
}"
974,695.tif,4,1,1,"{
  ""ecDNA"": 129,
  ""confidence"": 0.995
}"
975,696.tif,5,0,0,"```json
{
  ""ecDNA"": 129
}
```"
976,697.tif,1,0,0,The estimated number of ecDNA in the image is 7.
977,699.tif,1,0,0,"```json
[1]
```"
978,7.tif,2,0,1,"{
""ecDNA"": 129,
""estimate"": ""12""
}"
979,70.tif,0,4,13,"{
""estimate"": ""7""
}"
980,700.tif,2,0,0,"{
  ""ecDNA"": 68
}"
981,701.tif,1,0,0,"{""ecDNA"": 1}"
982,702.tif,3,0,0,"{""ecdna"": ""68""}"
983,703.tif,2,0,0,{'answer': '1'}
984,704.tif,2,0,0,"{
""ecDNA"": ""129""
}"
985,705.tif,1,0,1,"```json
{
  ""ecDNA"": 7,
  ""count"": 7
}
```"
986,706.tif,3,0,0,"{""ecDNA"": 2}"
987,707.tif,4,1,0,"{""ecDNA"": ""68""}"
988,708.tif,1,0,0,"[{""value"": ""68"", ""confidence"": ""0.99""}]"
989,709.tif,0,39,65,"{""ecDNA"": 1}"
990,710.tif,1,18,25,{'ecDNA': '1'}
991,711.tif,4,0,0,"```json
{
  ""ecDNA"": 129,
  ""estimate"": 10
}
```"
992,712.tif,2,0,0,"[{""value"": ""1""}]"
993,713.tif,1,8,8,"{
""ecDNA"": 7,
""estimate"": ""8""
}"
994,714.tif,1,2,4,"[{""value"": ""1""}]"
995,715.tif,3,2,0,"{""ecDNA"": 129}"
996,716.tif,4,0,0,"[{""value"": 1]}]"
997,717.tif,2,0,0,"[{""value"": ""7""}]"
998,718.tif,2,0,1,"{
""ecdna"": {
""value"": ""68"",
""unit"": """"
}
}"
999,719.tif,2,0,0,"{
""ecDNA"": 68
}"
1000,72.tif,0,7,15,[19]
1001,720.tif,2,0,0,"```json
{
  ""ecDNA"": 129
}
```"
1002,721.tif,1,0,0,"{""ecDNA"": 1}"
1003,724.tif,2,1,0,"{
  ""ecDNA"": 7,
  ""confidence"": 95
}"
1004,725.tif,1,0,0,"{
""answer"": ""7"",
""confidence"": ""99""
}"
1005,726.tif,1,0,0,"{
""ecdna"": 129
}"
1006,727.tif,2,0,0,[0]
1007,728.tif,2,13,2,"```json
{
  ""ecDNA"": 129,
  ""estimate"": 120
}
```"
1008,729.tif,0,37,1,"[{""value"": 129}]"
1009,73.tif,0,19,33,"{
""ecDNA"": 1,
""confidence"": 0.0
}"
1010,730.tif,2,0,0,"```json
{
  ""ecDNA"": 129
}
```"
1011,731.tif,2,2,0,"```json
{
  ""ecDNA"": 129
}
```"
1012,732.tif,2,3,0,"```json
{
  ""ecDNA"": 129,
  ""confidence"": 0.999
}
```"
1013,733.tif,1,10,1,"```json
[1]
```"
1014,736.tif,1,0,1,"```json
{
  ""ecDNA"": 7
}
```"
1015,737.tif,1,0,0,"{""ecDNA"": ""1""}"
1016,74.tif,0,11,27,"```json
{
  ""ecDNA"": 129
}
```"
1017,740.tif,1,0,0,The estimated number of ecDNA in the image is [129].
1018,741.tif,1,0,0,"{
  ""ecDNA"": 7,
  ""confidence"": 0.96
}"
1019,742.tif,2,0,0,"```json
{
""ecDNA"": 7
}
```"
1020,743.tif,4,0,4,The estimate for the number of ecdNA in the image is 129.
1021,744.tif,1,0,0,"{
""ecDNA"": 129
}"
1022,745.tif,1,1,0,The estimated number of ecDNA in the image is 7.
1023,746.tif,1,6,1,"```json
{
  ""number"": 129
}
```"
1024,747.tif,2,0,0,"{
""ecDNA"": 7
}"
1025,748.tif,1,0,0,"```json
{
  ""ecDNA"": 129
}
```"
1026,749.tif,1,31,9,"[{""value"": ""1""}]"
1027,750.tif,0,13,2,"{""ecDNA"": ""10""}"
1028,751.tif,1,0,0,"```json
{
  ""ecDNA"": 129,
  ""estimate"": 10
}
```"
1029,753.tif,2,9,3,"```json
{
""answer"": 1
}
```"
1030,754.tif,2,0,0,{'answer': '0'}
1031,755.tif,2,0,0,"{
""ecDNA"": 7,
""error"": null
}"
1032,756.tif,2,0,0,"{
  ""ecDNA"": {
    ""value"": 1,
    ""count"": 1
  }
}"
1033,757.tif,2,0,0,"{
""ecDNA"": 129
}"
1034,758.tif,2,0,0,"```json
{
  ""ecDNA"": 68
}
```"
1035,759.tif,1,0,0,"```json
{
  ""estimate"": 1,
  ""count"": 0
}
```"
1036,76.tif,13,0,9,"{
""ecDNA"": 129,
""estimate"": 10
}"
1037,760.tif,2,1,2,"{""ecDNA"": 1}"
1038,761.tif,2,0,0,"```json
{
  ""ecDNA"": {
    ""count"": 7
  }
}
```"
1039,762.tif,1,0,0,"{
    ""ecDNA"": {
        ""count"": 1,
        ""total"": 1,
        ""percentage"": 10
    }
}"
1040,764.tif,2,0,0,"{
""ecdna_count"": 7,
""confidence"": ""High""
}"
1041,765.tif,2,0,0,"```json
{
    ""ecDNA"": ""129""
}
```"
1042,766.tif,4,2,0,"{""ecDNA count"": ""1""}"
1043,767.tif,1,0,0,"```json
{
  ""ecDNA"": 129
}
```"
1044,768.tif,2,0,0,"{
 ""ecDNA"": 129,
 ""confidence"": 87%
}"
1045,769.tif,1,45,14,"```json
{
  ""ecDNA"": 7
}
```"
1046,77.tif,1,9,11,"{
""number"": ""1"",
""probability"": ""0""
}"
1047,770.tif,2,9,3,{'ecDNA': 8}
1048,771.tif,6,0,0,"{
  ""ecDNA"": 1,
  ""message"": ""The number of ecDNA is less than 1""
}"
1049,773.tif,0,11,11,"```json
{
  ""ecDNA"": 129
}
```"
1050,774.tif,1,10,2,"```json
{
""answer"": ""129""
}
```"
1051,775.tif,2,0,0,"```json
[1]
```"
1052,777.tif,0,2,0,"```json
{
  ""ecDNA"": 129
}
```"
1053,779.tif,1,0,0,"{
 ""ecDNA"": {
 ""total"": 129
 }
}"
1054,78.tif,0,3,1,"```json
{
""ecDNA"": 129
}
```

The estimated number of ecDNA in the image is 129."
1055,780.tif,1,0,1,The estimated number of ecDNA in the image is 10.
1056,782.tif,2,3,0,"```json
{
  ""ecDNA"": 0
}
```"
1057,783.tif,2,1,0,"{""ecDNA"": 7}"
1058,784.tif,2,0,0,"{
""ecDNA"": ""7""
}"
1059,785.tif,1,3,0,"{
  ""ecDNA"": {
    ""count"": 1,
    ""percentage"": 1.0,
    ""image_details"": ""The image contains one ecDNA.""
  }
}"
1060,786.tif,2,0,0,"{
   ""ecDNA"": 129
}"
1061,787.tif,2,2,0,"{
""answer"": ""7""
}"
1062,788.tif,1,1,0,"```json
{
  ""ecDNA"": 1
}
```"
1063,789.tif,1,16,0,"```json
{
  ""ecDNA"": 1
}
```"
1064,790.tif,1,11,0,"{""ecDNA"": 1}"
1065,791.tif,2,2,0,"{
  ""ecDNA"": [
    {
      ""value"": 7,
      ""confidence"": 90
    },
    {
      ""value"": 129,
      ""confidence"": 90
    }
  ]
}"
1066,792.tif,0,6,0,"[{""value"": ""1"", ""confidence"": 0.99}]"
1067,793.tif,1,19,1,"{
  ""ecDNA"": 1,
  ""nuclei"": 2,
  ""chromosomes"": 1
}"
1068,794.tif,0,10,0,"```json
{
   ""ecDNA"": 0
}
```"
1069,795.tif,1,0,0,"```json
[129]
```"
1070,796.tif,1,0,0,"{
""ecDNA"": ""1""
}"
1071,8.tif,4,0,2,"```json
[1, 1]
```"
1072,800.tif,3,0,0,[68]
1073,801.tif,1,0,0,"{
""ecDNA"": 1
}"
1074,802.tif,2,0,0,"{
""ecDNA"": 129,
""estimate"": 10
}"
1075,803.tif,1,0,0,"{
""ecDNA"": 129,
""confidence"": 75
}"
1076,804.tif,2,0,0,"```json
{
""ecDNA"": 129
}
```"
1077,805.tif,1,1,0,"{
""ecDNA"": ""1""
}"
1078,806.tif,0,2,3,"```json
{
  ""answer"": ""68""
}
```"
1079,807.tif,1,0,0,"{
""ecDNA"": 68
}"
1080,808.tif,2,0,0,"```json
{
""ecDNA"": 129
}
```"
1081,809.tif,1,8,16,"{
""count"": 1,
""unit"": ""ecDNA""
}"
1082,810.tif,0,9,8,"{""ecDNA"": 129}"
1083,811.tif,1,0,0,"{
""ecDNA"": 129,
""confidence"": 0.9999
}"
1084,812.tif,2,0,0,"```json
{
  ""ecDNA"": 1
}
```"
1085,813.tif,2,18,24,"{
""ecdna"": ""1""
}"
1086,814.tif,0,12,8,"```json
{
  ""ecDNA"": 68
}
```"
1087,816.tif,1,0,0,"{
""ecDNA"": ""129""
}"
1088,817.tif,2,0,0,"{
""estimate"": 10,
""reason"": ""The image contains at least one ecDNA.""
}"
1089,819.tif,1,0,0,"[{""value"": ""68"", ""confidence"": ""0.8""}]"
1090,820.tif,3,0,0,"{""ecDNA"": 1}"
1091,821.tif,1,2,7,"{
""ecDNA"": 7,
""estimate"": ""7""
}"
1092,822.tif,2,0,0,"```json
{
  ""count"": 1,
  ""confidence"": 0.7
}
```"
1093,823.tif,2,0,5,"```json
{
  ""ecDNA"": 1,
  ""confidence"": 0.98
}
```"
1094,824.tif,1,0,1,"{
  ""value"": 68,
  ""confidence"": 99
}"
1095,825.tif,1,7,0,"{
  ""answer"": 7
}"
1096,826.tif,2,2,0,"```json
{
 ""ecDNA"": {
  ""count"": 129,
  ""total"": 129
 }
}
```"
1097,827.tif,2,3,2,"```json
{
  ""ecDNA"": {
    ""count"": 0
  }
}
```"
1098,828.tif,0,14,12,"{""ecDNA"": 1}"
1099,829.tif,0,25,0,"{
""ecDNA"": 68
}"
1100,830.tif,0,8,1,"{""ecDNA"": {""count"": 129}}"
1101,831.tif,1,1,1,"{
""estimate"": ""1""
}"
1102,832.tif,0,2,9,"```json
{
  ""number"": 129
}
```"
1103,833.tif,2,10,2,"```json
{
  ""ecDNA"": 129
}
```"
1104,834.tif,1,3,3,"{""ecDNA"": 1}"
1105,835.tif,2,0,0,"{""ecDNA"": ""1""}"
1106,837.tif,0,1,0,"{""ecDNA"": 2}"
1107,838.tif,1,2,0,"{
""ecDNA"": 0,
""nuclei"": 7,
""chromosomes"": 0
}"
1108,839.tif,1,0,0,"```json
[1]
```"
1109,84.tif,0,3,1,"{
  ""ecDNA"": 1,
  ""error"": null
}"
1110,845.tif,1,0,0,"{""value"":1}"
1111,849.tif,1,1,0,"{
""ecDNA"": 129
}"
1112,85.tif,0,4,11,"{
""count"": 0,
""reason"": ""The total count of ecDNA in the image is 0."""
1113,853.tif,3,7,0,"{
""ecDNA"": ""1""
}"
1114,854.tif,1,13,2,"[{""value"":1,""confidence"":10}]"
1115,858.tif,1,0,0,"```json
{
  ""ecDNA"": 7,
  ""estimate"": 7
}
```"
1116,86.tif,1,0,2,"[{""value"": 1]}]"
1117,863.tif,1,0,0,"[{""value"": 1, ""confidence"": 0}]

The image contains only one ecDNA object."
1118,869.tif,0,13,3,[1]
1119,87.tif,1,0,1,"{
""ecDNA"": ""1""
}"
1120,870.tif,0,18,2,"```json
{
  ""ecDNA"": 129
}
```"
1121,871.tif,0,5,1,"```json
{
  ""ecDNA"": 129,
  ""message"": ""EC DNA count is 129""
}
```"
1122,873.tif,0,12,7,"{
""estimate"": ""1"",
""reason"": ""The number of ecDNA in the image is 1.""
}"
1123,874.tif,0,7,1,"```json
{
  ""ecDNA"": 129,
  ""confidence"": 99
}
```"
1124,88.tif,0,18,34,"[{""value"": 129}]"
1125,883.tif,1,0,0,"{""ecDNA_count"": 1}"
1126,889.tif,0,9,3,"{
""ecDNA"": 1,
""ECDNA"": 2,
""COUNT"": 1
}"
1127,89.tif,0,24,35,"{""ecDNA"": 7}"
1128,890.tif,0,4,2,"{
""ecDNA"": 68,
""nuclei"": 19,
""chromosomes"": 1
}"
1129,891.tif,0,1,0,"```json
{
  ""ecDNA"": 129
}
```"
1130,892.tif,0,4,1,"{
""ecDNA"": 129
}"
1131,893.tif,0,30,12,"{
""ecDNA"": ""129""
}"
1132,894.tif,0,15,2,"```json
{
  ""ecDNA"": 1
}
```"
1133,895.tif,0,2,1,"{
""ecDNA"": ""68""
}"
1134,9.tif,4,36,2,"{""count"":1}"
1135,90.tif,1,7,16,"{""ecDNA count"": 1}"
1136,901.tif,0,3,0,"{
  ""ecDNA"": 7,
  ""confidence"": 99
}"
1137,902.tif,0,3,0,"{
""number"": 7,
""confidence"": 0.99
}"
1138,903.tif,1,0,0,"```json
{
""ecDNA"": 1
}
```"
1139,904.tif,0,8,1,"[{""count"": 7}]"
1140,905.tif,1,23,1,"{
  ""ecDNA"": 129,
  ""confidence"": 95
}"
1141,906.tif,1,7,1,"{
 ""ecDNA"": 0
}"
1142,907.tif,2,0,0,"```json
{
  ""count"": 7,
  ""estimate"": 7
}
```"
1143,909.tif,1,7,0,{'answer': 1}
1144,91.tif,1,0,1,"{
""answer"": ""7""
}"
1145,910.tif,1,13,0,"```json
[0]
```"
1146,911.tif,1,0,0,"{
   ""ecDNA"": 7
}"
1147,914.tif,0,5,0,"```json
{
  ""ecDNA"": [
    {
      ""x"": 0,
      ""y"": 0,
      ""size"": 129
    },
    {
      ""x"": 0,
      ""y"": 1,
      ""size"": 129
    }
  ]
}
```"
1148,916.tif,2,4,6,"{""ecDNA"": 1}"
1149,917.tif,1,1,1,"```json
{
  ""ecDNA"": 129
}
```
"
1150,92.tif,0,8,13,"{
""ecDNA"": 68
}"
1151,925.tif,0,4,1,"{
    ""ecDNA"": 68,
    ""error"": {
        ""message"": """",
        ""code"": """"
    }
}"
1152,926.tif,0,2,1,"{
    ""ecDNA"": 7,
    ""confidence"": 0.99
}"
1153,929.tif,0,3,3,{'ecDNA': 129}
1154,93.tif,0,12,36,"{
""answer"": ""1""
}"
1155,930.tif,0,21,7,"{
""ecDNA"": 19,
""ecDNA"": 1,
""ecDNA"": 7,
""ecDNA"": 0
}"
1156,933.tif,0,11,3,"```json
{
  ""ecDNA_count"": 0,
  ""ecDNA"": [
    {
      ""position"": [0, 0],
      ""size"": [1, 1]
    },
    {
      ""position"": [0, 0],
      ""size"": [1, 1]
    }
  ]
}
```"
1157,934.tif,0,11,2,"```json
{
  ""ecDNA"": 1
}
```"
1158,938.tif,0,3,0,"{""ecDNA"": 1}"
1159,94.tif,0,5,35,[1]
1160,946.tif,0,4,0,"```json
{
  ""ecDNA"": 129,
  ""estimate"": 10
}
```"
1161,948.tif,2,0,0,[1]
1162,949.tif,0,8,2,"{
""ecDNA"": 129
}"
1163,950.tif,0,4,0,"{
""count"": ""1""
}"
1164,952.tif,2,0,0,"{
""ecDNA"": {""count"": ""1""}
}"
1165,953.tif,0,18,1,"```json
{
  ""ecDNA"": {
    ""total"": 129,
    ""count"": 68,
    ""additional"": 19,
    ""none"": 0
  }
}
```"
1166,954.tif,0,15,0,"```json
{
  ""ecDNA"": 0,
  ""nuclei"": null,
  ""chromosomes"": null
}
```"
1167,957.tif,0,5,0,"{
""count"": 1,
""confidence"": 1
}"
1168,958.tif,0,5,0,"```json
{
    ""count"": 0
}
```"
1169,965.tif,0,2,0,"{
""ecDNA"": 129,
""ecDNA_estimate"": ""10""
}"
1170,969.tif,0,20,1,"{
""ecDNA"": {
""count"": ""1""
}
}"
1171,970.tif,0,15,2,"{""ecDNA"": 129}"
1172,972.tif,1,0,0,"{
  ""ecDNA"": 1
}"
1173,973.tif,0,2,0,"{""ecDNA"": 1}"
1174,974.tif,0,14,0,"```json
{
  ""ecDNA"": 129
}
```"
1175,976.tif,2,0,0,[1]
1176,977.tif,0,1,0,"{
    ""ecDNA"": 2,
    ""error"": false
}"
1177,978.tif,0,4,0,"{
""ecDNA"": 1
}"
1178,98.tif,1,0,0,"{
  ""ecDNA"": 1
}"
1179,985.tif,0,11,1,The estimated number of ecDNA in the image is 129.
1180,988.tif,0,10,2,"[{""value"": ""1"", ""count"": ""0""}]"
1181,989.tif,0,21,5,"[{""value"": ""1"", ""confidence"": ""0""}]"
1182,99.tif,1,0,4,"{
  ""ecDNA"": 129
}"
1183,990.tif,0,12,3,"{
 ""ecDNA"": 129,
 ""confidence"": 99
}"
1184,992.tif,0,6,0,"{""ecDNA"": 1}"
1185,993.tif,0,18,3,"{""ecDNA"": 7}"
1186,994.tif,0,26,0,"```json
[0]
```"
1187,995.tif,0,17,5,"{
""answer"": ""68""
}"
1188,998.tif,0,3,0,"{
""ecDNA"": 1,
""confidence"": 99
}"
